nodes,density_percent,BFS,DFS_Iterative,speed_ratio_dfs_over_bfs
2,0,0.0130999997054459,0.00755000019125865,0.5763359054214315
2,5,0.0139500002660497,0.015099999927770051,1.0824372501640105
2,10,0.0067999999373569,0.014149999969959,2.08088236769293
2,15,0.00690000024405885,0.01495000060458545,2.166666677650909
2,20,0.01414999996995895,0.0147999999171588,1.045936392125783
2,25,0.0139500002660497,0.00745000033930405,0.5340501933491152
2,30,0.0103999996099446,0.008500000149069799,0.8173077372947207
2,35,0.014000000192027049,0.007600000117236,0.5428571437851961
2,40,0.00765000004321335,0.01444999998057025,1.8888888756790894
2,45,0.014000000192027049,0.0073999999585794,0.5285714183628136
2,50,0.0141000000439817,0.00724999972590005,0.5141843761195282
2,55,0.009350000254926199,0.015249999705702049,1.6310159668356523
2,60,0.00869999985297905,0.01505000000179275,1.7298850869105862
2,65,0.014600000213249548,0.00755000019125865,0.5171232932179686
2,70,0.013350000244827149,0.0149000002238608,1.1161048652140844
2,75,0.0135999998747138,0.0075499997365113,0.5551470445634973
2,80,0.0068999997893115,0.0073000001066247,1.057971062250295
2,85,0.00715000032869275,0.00735000003260205,1.0279719852748408
2,90,0.0141999998959363,0.0076000005719834,0.5352113118084133
2,95,0.0067999999373569,0.01505000000179275,2.213235314770099
2,100,0.0069000006988062,0.0089500003923603,1.2971013747735967
12,0,0.0380500000574102,0.0329999998029961,0.8672798883891035
12,5,0.020150000182184102,0.03665000031105585,1.8188585597860414
12,10,0.01985000017157285,0.0353000004906789,1.7783375408344815
12,15,0.0402000000576663,0.0344999998560524,0.8582089504120065
12,20,0.02085000005536125,0.0651000000289059,3.122302151369369
12,25,0.037750000046798945,0.035999999909108654,0.9536423805160053
12,30,0.034150000374211203,0.07830000049580114,2.292825758061495
12,35,0.020899999981338548,0.03844999991997605,1.8397129164740558
12,40,0.0386000001526554,0.03879999985656465,1.005181339459023
12,45,0.0283999997918726,0.0406500007557042,1.431338065267777
12,50,0.02135000022462915,0.040249999528896255,1.8852458597384112
12,55,0.0218499999391497,0.04075000015291145,1.864988570544465
12,60,0.0216500002352404,0.07529999993494124,3.4780600053931185
12,65,0.0235499996961152,0.04444999967745385,1.8874734713812462
12,70,0.022600000193051452,0.0433999994129408,1.9203539399209595
12,75,0.0222999997276929,0.04364999995232205,1.9573991249029474
12,80,0.0234499998441606,0.044750000142812454,1.9083155838039747
12,85,0.0230499999815947,0.0444999996034312,1.930585667634022
12,90,0.024050000320130452,0.08739999975659879,3.6340955756014193
12,95,0.024000000394153148,0.04725000007965715,1.9687499709861729
12,100,0.04430000035426925,0.047850000100879655,1.0801354338198845
22,0,0.03385000036359995,0.09670000008554774,2.8567207990205086
22,5,0.03264999986640755,0.10380000003351594,3.1791730615077936
22,10,0.033150000035675406,0.06075000010241635,1.8325791866376575
22,15,0.03490000017336565,0.06464999978561535,1.8524355147411653
22,20,0.03470000001470905,0.0663000000713509,1.9106628254538
22,25,0.0350000000253203,0.06890000031489756,1.968571436144364
22,30,0.0369499998669198,0.07525000000896395,2.036535866846727
22,35,0.06944999995539544,0.0757000002522545,1.0899928049081806
22,40,0.03689999994094245,0.08019999950192865,2.1734417243980158
22,45,0.0720499992894474,0.13970000009067005,1.9389313180899754
22,50,0.0384499994652287,0.08334999938597315,2.1677503392776023
22,55,0.039549999655719106,0.0869999998940329,2.199747171968744
22,60,0.040400000671070246,0.0898999996934435,2.225247480201637
22,65,0.0785499996709404,0.10075000045617341,1.282622544598761
22,70,0.0408000000788888,0.09530000033919345,2.3357843175227013
22,75,0.0411500000154774,0.0985000001492153,2.3936816552167026
22,80,0.0418999998146318,0.0978000007307855,2.3341289060491355
22,85,0.04259999968780895,0.0987499997791019,2.318075129173338
22,90,0.0434000003224355,0.10364999980083664,2.3882488255940193
22,95,0.0442000000475673,0.1054499994097568,2.3857465904134227
22,100,0.0450500001534237,0.1131000003624649,2.510543839673429
32,0,0.0435999995715974,0.0771499999245861,1.7694954285009756
32,5,0.04399999988891065,0.0825500005703361,1.8761363813353378
32,10,0.04554999986794425,0.088150000465248,1.9352360202153027
32,15,0.0469499996142985,0.09659999977884576,2.0575079994127727
32,20,0.04810000018551355,0.103549999948882,2.152806643440898
32,25,0.05454999973153455,0.1108500000555068,2.032080670963341
32,30,0.0534999999217689,0.1130000000557629,2.112149536841097
32,35,0.05335000014383695,0.1183500003207882,2.218369259638327
32,40,0.05564999992202495,0.1573500003360095,2.8274932714552277
32,45,0.05575000022872695,0.1289500000893895,2.313004476418709
32,50,0.06004999931974445,0.13415000012173545,2.2339717175921248
32,55,0.061050000567774945,0.1398999997945793,2.2915642668875758
32,60,0.0615999997535254,0.1481999997849925,2.4058441619800646
32,65,0.06295000002864976,0.15255000016622938,2.423351868098506
32,70,0.06374999975378155,0.1512499998170824,2.3725490259019253
32,75,0.08815000001050065,0.15645000030417575,1.7748156583725359
32,80,0.0667500003146415,0.16084999970189523,2.4097378118905124
32,85,0.07780000032653331,0.16569999979765265,2.129820039873978
32,90,0.06915000039953151,0.17190000016853446,2.4859002049940564
32,95,0.072300000283576,0.1763999998729559,2.4398340135695373
32,100,0.07279999999809661,0.2291000005243404,3.146978029262779
42,0,0.05409999994299135,0.1025500000650936,1.895563773995511
42,5,0.05765000014434915,0.1099000000976957,1.9063313065484544
42,10,0.060800000483141,0.1253000000360771,2.0608552473748922
42,15,0.06220000022949525,0.1344500001323467,2.161575556853302
42,20,0.0668000002406188,0.14384999985850294,2.153443103897366
42,25,0.0685000004523317,0.1515499998276936,2.212408741999284
42,30,0.0724999999874853,0.15874999962761643,2.189655167655439
42,35,0.07320000031540985,0.1697500001682783,2.318989063344895
42,40,0.0760500001888431,0.1735000005282927,2.2813938211369784
42,45,0.0788000002103217,0.1831999993555655,2.3248730820633785
42,50,0.15230000008159544,0.1934499996423255,1.2701904106282584
42,55,0.0840000002426677,0.20229999972798396,2.4083333231376103
42,60,0.08614999978817645,0.20679999988715275,2.4004643110345634
42,65,0.0879999997778213,0.2138499999091436,2.430113641466626
42,70,0.09124999996856781,0.22524999985762406,2.4684931499749503
42,75,0.09385000021211451,0.23805000000720605,2.5364944003109087
42,80,0.0949499994931102,0.24609999991298537,2.5918904815880803
42,85,0.09770000042408356,0.24980000034702238,2.556806543118964
42,90,0.10089999977935801,0.2573999995547638,2.55104063545719
42,95,0.1040000006469199,0.2621999997245439,2.5211538278226855
42,100,0.10595000003377206,0.2662499996404222,2.512977815531418
52,0,0.06400000029316286,0.119000000267988,1.85937499567013
52,5,0.0698499998179613,0.1382999998895684,1.9799570544022504
52,10,0.07295000023077586,0.1606500004527333,2.202193282310079
52,15,0.07940000068629155,0.1678999997238861,2.114609550033343
52,20,0.08200000002034355,0.1911500003188848,2.331097564286122
52,25,0.0852000002851127,0.19689999999172864,2.311032856019059
52,30,0.08974999991551155,0.213750000057189,2.3816156017649917
52,35,0.0936000005822279,0.22390000003724705,2.3920940026122137
52,40,0.1072000000021944,0.296649999654619,2.7672574594080834
52,45,0.10394999981144784,0.24194999969040504,2.327561328804923
52,50,0.11325000014039685,0.26834999971470097,2.3695364183843313
52,55,0.11395000046832135,0.4883000001427717,4.285212796278325
52,60,0.11449999965407184,0.3101000002061482,2.7082969532141865
52,65,0.12110000034226684,0.314899999921181,2.6003302975324045
52,70,0.13209999997343397,0.30705000017405837,2.32437547491149
52,75,0.12470000001485455,0.3131500002382381,2.5112269462785477
52,80,0.12734999972963118,0.33210000037797727,2.607773860094527
52,85,0.1326500000686792,0.34190000042144675,2.5774594816768106
52,90,0.1363999999739462,0.34899999991466757,2.5586510262560864
52,95,0.1428499999747146,0.36050000016984995,2.5236261829447733
52,100,0.14484999974229135,0.37269999984346214,2.5730065620058555
62,0,0.07560000040029985,0.14454999973168015,1.912037023363651
62,5,0.11040000026696356,0.166949999766075,1.5122282550938873
62,10,0.0887999995029531,0.1865499993982666,2.100788293270911
62,15,0.09344999989480124,0.2062500002466549,2.207062605444999
62,20,0.09935000025507175,0.22565000017493725,2.271263206800223
62,25,0.1049000002240063,0.2485499999238527,2.3693994222411088
62,30,0.11279999944235895,0.25860000005195616,2.292553203283492
62,35,0.11674999996102994,0.28000000020256266,2.398286940437037
62,40,0.1219000000673986,0.30014999992999947,2.4622641490077632
62,45,0.12904999994134408,0.3152999997837469,2.4432390540647604
62,50,0.13824999996359105,0.3373500003363006,2.4401446685363015
62,55,0.14295000028141655,0.34819999973478843,2.4358167124820516
62,60,0.14765000014449464,0.3578000000743486,2.4232983388025398
62,65,0.15024999947854664,0.38144999962241855,2.5387687250999535
62,70,0.1547500000924628,0.3948999997192004,2.5518578318788268
62,75,0.16354999979739654,0.40720000015426194,2.4897584876716334
62,80,0.1821500004552945,0.42510000002948795,2.3337908260605316
62,85,0.17235000041182502,0.4423500004122616,2.566579630723991
62,90,0.17745000013746898,0.46989999964353046,2.648069874778828
62,95,0.18360000012762606,0.46759999986534234,2.5468409561018466
62,100,0.19240000028730714,0.49545000001671724,2.575103946345486
72,0,0.0877500001479347,0.1640000000406871,1.8689458662587481
72,5,0.0975000002654269,0.19414999997025,1.9912820455560019
72,10,0.1065999995262245,0.22939999962545693,2.151969987289002
72,15,0.1211499998134968,0.2537999994274287,2.094923646868664
72,20,0.12104999996154214,0.27975000057267607,2.311028506084703
72,25,0.23255000041899615,0.34089999962816364,1.4659213030055827
72,30,0.14145000022836024,0.38700000004610047,2.7359490945303535
72,35,0.1480000000810832,0.34849999974539964,2.354729726719396
72,40,0.15275000032488606,0.3687000003083085,2.413747951058039
72,45,0.156750000314787,0.38610000001426664,2.463157889881318
72,50,0.1750500005073263,0.40824999996402767,2.332190795663216
72,55,0.17465000019001303,0.4346999994595535,2.488977950109449
72,60,0.1820999996198224,0.48140000035346014,2.643602423714984
72,65,0.19030000021302834,0.47629999971832143,2.502890169128402
72,70,0.2031499998338404,0.5108499999550986,2.5146443533001768
72,75,0.20430000040505547,0.5299499998727697,2.5939794362313466
72,80,0.2128500000253552,0.5465999997795734,2.5680056364315766
72,85,0.2198999995925987,0.5733000002692279,2.60709413975153
72,90,0.2296999996360682,0.5902000002606655,2.56943840311609
72,95,0.2377000000706175,0.6163499997455801,2.592974335559406
72,100,0.2521500000511878,0.6366000002344663,2.5246876863185923
82,0,0.10490000022400635,0.18535000026531628,1.7669208757818378
82,5,0.11159999985466125,0.2325499995095015,2.0837813603257676
82,10,0.23375000000669383,0.27134999982081354,1.1608556141734458
82,15,0.1393999996253114,0.30459999970844365,2.185078913394317
82,20,0.14415000032386155,0.32849999979589484,2.278876164119698
82,25,0.15450000000782885,0.3519500000948028,2.27799352800627
82,30,0.16475000029458892,0.390100000458915,2.367830044075135
82,35,0.17395000031683588,0.4114999997000268,2.365622299226863
82,40,0.18439999985275785,0.4735999996228202,2.5683297180096885
82,45,0.20344999984445164,0.4750000002786692,2.3347259800532414
82,50,0.218950000089535,0.521049999861134,2.3797670684999384
82,55,0.2105999997183971,0.5363999994187907,2.5470085476544906
82,60,0.2296000002388609,0.5623499996545434,2.449259577828881
82,65,0.2318499996363243,0.5807999996250146,2.5050679341645328
82,70,0.24715000017749839,0.6078500000512577,2.459437586950077
82,75,0.2500000000509317,0.64544999941063,2.581799997116538
82,80,0.2597500006231712,0.6755999997949402,2.600962456878134
82,85,0.27409999984229216,0.6978000001254259,2.5457862113349736
82,90,0.28049999991708313,0.7316499995795311,2.6083778958852393
82,95,0.29485000004569883,0.7551499998044164,2.5611327783190627
82,100,0.3000499996232974,0.7886499997766805,2.6283952700110107
92,0,0.11290000020380825,0.20644999995056418,1.8286093851007839
92,5,0.12525000011009974,0.26614999978846754,2.1249500962436016
92,10,0.13914999999542485,0.30160000005707843,2.167445203499783
92,15,0.15174999998635025,0.3380499997547304,2.227677099078337
92,20,0.1634499999454419,0.37689999999201973,2.305903946881771
92,25,0.1745500003380584,0.41019999980562716,2.3500429619660577
92,30,0.18860000000131544,0.4524999999375723,2.399257687881316
92,35,0.2052499999081192,0.4868500004704401,2.3719853870323018
92,40,0.2182500002163578,0.5181500005164708,2.3741122565993726
92,45,0.22865000028104987,0.5639000000883243,2.4662147360384647
92,50,0.24344999974346138,0.5968000000393658,2.4514274005678853
92,55,0.2549000000726664,0.6425999995371967,2.5209886204551024
92,60,0.26099999968209886,0.6627500001741282,2.5392720344113626
92,65,0.2746999998635147,0.7037999998829036,2.56206771107604
92,70,0.2933500004473899,0.7294499996532977,2.486620073430404
92,75,0.2981499997076753,0.7770499996695435,2.6062384720154665
92,80,0.31614999988960335,0.8069000000432425,2.552269493357598
92,85,0.33399999983885204,0.8407000000261178,2.5170658695561015
92,90,0.3439500001150009,0.8785499999248714,2.5542956814395263
92,95,0.35459999980957946,0.9429500005353476,2.6591934603545195
92,100,0.3689499994834477,0.9768999998414074,2.647784255885964
102,0,0.12204999984533055,0.23559999999633868,1.9303564137231122
102,5,0.15359999997599516,0.2890500004468777,1.881835940703456
102,10,0.29785000015181134,0.342100000125356,1.148564713617562
102,15,0.17695000042294845,0.3953999998884683,2.234529522143981
102,20,0.1887499997792474,0.4323999996813654,2.2908609281434646
102,25,0.2024500004154106,0.4971499997736828,2.4556680600324636
102,30,0.21679999963453156,0.5268499994599551,2.4301199278048307
102,35,0.2638500004650268,0.5762500004493631,2.1840060619054076
102,40,0.25635000019974535,0.8261999996648228,3.2229373864679385
102,45,0.27440000030765077,0.6709000003866095,2.444970844148733
102,50,0.27825000006487244,0.6978999999773805,2.5081760999628715
102,55,0.2991999999721883,0.9757499992701923,3.261196521928114
102,60,0.31919999992169323,0.7933499996397586,2.485432330308223
102,65,0.33894999978656415,0.8355499999197491,2.46511284981824
102,70,0.3386000003047229,0.8673000002090703,2.561429413551518
102,75,0.3583000002436165,0.9184999998979038,2.5634942765096125
102,80,0.3823499996542523,0.9508499997537001,2.486857592816857
102,85,0.3973500001848151,1.0139999994862592,2.5519063772860915
102,90,0.40149999995264807,1.0502499999347492,2.6158156913041424
102,95,0.4216499996800849,1.0848500000975037,2.5728684950091383
102,100,0.43404999996710103,1.2276000002202636,2.8282455945474254
112,0,0.1329500005340378,0.2504499998394749,1.8837908900598674
112,5,0.1565500001561304,0.32394999971074867,2.0693069267816475
112,10,0.18009999985224565,0.3859500006910821,2.142976129970662
112,15,0.1952999996319704,0.44809999963035807,2.2944188452369283
112,20,0.2141499999197549,0.4973499999323394,2.3224375443320273
112,25,0.23490000012316153,0.6143500004327507,2.6153682422760234
112,30,0.250199999754841,0.6180000000313157,2.470023983360769
112,35,0.2738000002864282,0.6607999998777814,2.413440464523389
112,40,0.3120000001217704,0.7122500001059962,2.2828525635513213
112,45,0.30925000010029174,0.7555500001217297,2.443168956755699
112,50,0.3229000003557303,0.8288500002890942,2.5668937732300163
112,55,0.35165000008419156,0.8808999996290368,2.5050476309345453
112,60,0.36559999989549397,0.916399999823625,2.50656455165639
112,65,0.38299999960145215,0.9758000001056644,2.5477806817782684
112,70,0.4019499997411913,1.02409999954034,2.547829332503397
112,75,0.4218999997647188,1.0841499997695792,2.569684760308551
112,80,0.4416500000843371,1.1398999995435588,2.5810030551927645
112,85,0.45470000031855307,1.189650000014808,2.61634044244857
112,90,0.4780499998560117,1.2780999995811726,2.6735697102105123
112,95,0.5304000001160603,1.4516999995066726,2.7369909486972412
112,100,0.5276999995658116,1.3566000002356304,2.5707788541819836
122,0,0.14234999980544671,0.28364999980112765,1.9926238158679253
122,5,0.17184999978780974,0.36645000045609777,2.132382897344013
122,10,0.18955000041387388,0.43055000014646794,2.2714323355651884
122,15,0.2133500001946231,0.5193500001041684,2.434262946474828
122,20,0.23855000017647393,0.5715500001315377,2.3959337652849206
122,25,0.2617000004647707,0.6389499994838843,2.441536103741421
122,30,0.2897499998653075,0.6829499998275423,2.3570319245729663
122,35,0.3079499997511448,1.0369500000706466,3.3672674164916665
122,40,0.340900000082911,1.81155000018407,5.314021706493046
122,45,0.36165000028631766,0.8936500003073888,2.4710355304849654
122,50,0.3806499998972867,0.9215000000040162,2.420859057540183
122,55,0.39589999960298883,1.0041000005003298,2.5362465307078756
122,60,0.4131000000597851,1.0570500007816008,2.558823530933482
122,65,0.4359499998827232,1.1069500001212873,2.539167336664922
122,70,0.4595000000335858,1.1876999997184612,2.584766049252774
122,75,0.48754999988886993,1.2570500002766494,2.5782996627282864
122,80,0.5046500004937116,1.296149999689078,2.5684137489765626
122,85,0.5407999997260049,1.3736000000790227,2.539940829835344
122,90,0.5537000001822889,1.479150000250229,2.6713924503580704
122,95,0.5718499996874016,1.5463500003534136,2.704118214914255
122,100,0.683000000208267,1.6530999996575702,2.4203513896830025
133,0,0.16704999961802963,0.37019999990661745,2.216102967692925
133,5,0.20365000000310823,0.4271500001777895,2.0974711523263934
133,10,0.21259999994072132,0.4908500004603411,2.3087958635804493
133,15,0.24160000020856381,0.5722999999306921,2.3687913883967218
133,20,0.2689999996619008,0.641549999727431,2.384944239902523
133,25,0.29395000046861236,0.7252000000335102,2.4670862353373124
133,30,0.3341500005262787,0.8044499995776278,2.407451738173387
133,35,0.5685499995706778,2.4747500001467415,4.352739428397625
133,40,0.387499999760621,1.4769999997952254,3.8116129050519887
133,45,0.3972499998781131,1.0094999997818377,2.541220893874334
133,50,0.4223999999339867,1.0827500004779722,2.5633286000170123
133,55,0.47214999949574116,1.1482499994599493,2.43196018359904
133,60,0.48200000037468266,1.250249999884545,2.5938796657939074
133,65,0.5084499998702086,1.3667000002897112,2.6879732532964637
133,70,0.5392500002017186,1.4040999999451742,2.6038015751876475
133,75,0.5697500000678701,1.4568499996130413,2.5569986826494033
133,80,0.5874499997844396,1.5423000004375353,2.6254149306383026
133,85,0.6236500003069523,1.59445000008418,2.55664234634717
133,90,0.6352000000333646,1.7497499998171406,2.754644206116551
133,95,0.6680500005131762,1.8292999998266168,2.7382680913425683
133,100,0.7014500001787383,1.9389999997656557,2.7642740028107124
143,0,0.1661500000409432,0.32625000039843144,1.963587121986373
143,5,0.20304999998188575,0.4361500000413798,2.1479931055419312
143,10,0.24050000001807345,0.52624999989348,2.188149687542339
143,15,0.2648999998200452,0.6162999998196028,2.3265383172452796
143,20,0.31409999974130187,1.1850500000036845,3.772843046735791
143,25,0.7197999998425075,2.4377999998250743,3.386774104415762
143,30,0.3597500003706955,1.0839999999916472,3.01320361049247
143,35,0.3971000001001812,0.99019999970551,2.4935784423462612
143,40,0.42274999987057527,1.0545000004640315,2.494382024333214
143,45,0.4551500001070963,1.142800000252464,2.5108206085544644
143,50,0.487400000110938,1.2609999998858257,2.5871973729971423
143,55,0.5039000002398097,1.335200000085024,2.649732088608042
143,60,0.5386000002545188,1.401149999765039,2.601466764023239
143,65,0.5810999996356259,1.487900000029185,2.560488729929721
143,70,0.5980999999337655,1.6399500000261469,2.7419327875067
143,75,0.6318499999906635,1.8999500002792047,3.0069636785744707
143,80,0.6659999999101274,1.7791500004022964,2.6713963973609336
143,85,0.7015000001047156,1.9031499996344787,2.712972201497346
143,90,0.7439000000886153,2.199949999976525,2.957319531811347
143,95,0.7651500000065425,2.141699999810953,2.799059007766634
143,100,0.9021500000017113,4.402349999963917,4.87984259818829
153,0,0.17704999982015576,0.3430500005379144,1.937588256912615
153,5,0.21959999958198745,0.45950000048833317,2.092440807663933
153,10,0.25955000000976725,0.5649000004268601,2.1764592579680295
153,15,0.3000500000780448,0.7248500000969216,2.4157640390214423
153,20,0.3312000003461435,0.8065499996519065,2.4352355036502584
153,25,0.35615000024336035,0.9017999996103754,2.532079177296554
153,30,0.3968499995607999,0.9950500002560148,2.5073705464463956
153,35,0.4281500000615779,1.1075999996137398,2.586943826823406
153,40,0.46784999994997634,1.1863999998240615,2.5358555091394983
153,45,0.5029499998272513,1.310399999965739,2.6054279757745764
153,50,0.5375500004447531,1.3810499995088321,2.5691563545087748
153,55,0.5811500000163505,1.5584500006298185,2.681665663918045
153,60,0.6071500001780805,1.601949999894714,2.6384748405251637
153,65,0.665100000333041,1.715899999908288,2.579912793638658
153,70,0.6742499999745633,1.7986500001825334,2.6676307011500024
153,75,0.7240499999170424,1.9630500000857865,2.711207789946415
153,80,0.7895499998085143,2.4659999999130378,3.1232980818328224
153,85,0.7830999998077459,2.1434999998746207,2.737198314903407
153,90,0.8164999999280553,4.513549999501265,5.52792406601221
153,95,0.8792500002527959,2.3214000002553803,2.640204719463119
153,100,0.9039999999913562,2.4820500002533663,2.7456305312799767
163,0,0.1916999999593827,0.37400000019260915,1.950965050974711
163,5,0.23710000004939497,0.5071000000498316,2.1387600166351226
163,10,0.27664999970511417,0.6382499996107072,2.3070666918164773
163,15,0.31504999969911296,0.762000000122498,2.418663706872695
163,20,0.35179999986212346,0.869449999754579,2.471432632448356
163,25,0.39585000013175886,0.9980999998333573,2.5214096235976737
163,30,0.4344499998296669,1.118750000387081,2.5750949495355155
163,35,0.4822999999305466,1.2351999998827523,2.561061580055208
163,40,0.5269500002214045,1.323249999586551,2.511149063536524
163,45,0.5553500000132772,1.4510500004689675,2.6128567577820765
163,50,0.6077000002733257,1.5355499999714084,2.526822444101963
163,55,0.6493500000033237,1.7232499999408901,2.653807653703041
163,60,0.6764499999007967,1.8954499996652885,2.8020548450635845
163,65,0.8157500005836482,2.4019000002226676,2.9444069856011885
163,70,0.7509999995818362,2.2587000003113644,3.007589882249041
163,75,0.7931500003905967,2.1899999992456287,2.7611422784683044
163,80,0.8389999998144049,2.267399999709596,2.7025029799894726
163,85,0.8686999999554246,2.3913000004540663,2.7527339709643956
163,90,0.9270000000469736,2.6186499994764745,2.8248651557106585
163,95,0.9682499999144056,2.6668999998946674,2.754350632719261
163,100,1.014899999518093,3.657250000287604,3.603557002684189
173,0,0.20005000033052056,0.388699999803066,1.9430142422437384
173,5,0.27039999986300245,0.5460000002130982,2.0192307710418933
173,10,0.29765000044790213,0.7786500004840491,2.615991934528274
173,15,0.3413999997974315,0.808950000191544,2.3695079105785926
173,20,0.3864000004796253,0.9418499998901098,2.4374999966900184
173,25,1.00834999966537,1.8930500000351458,1.8773739283615525
173,30,0.48054999979285634,1.4717499998369021,3.062636563253164
173,35,0.5341500000213273,1.3141999997969833,2.4603575769812047
173,40,0.5659499997818784,1.487749999796506,2.6287657926846832
173,45,0.6430499997804873,1.5989000003173715,2.4864318495656246
173,50,0.664950000555109,1.7284499999732361,2.5993683713516855
173,55,0.7081500002641405,1.8787499998325075,2.653039609025958
173,60,0.7550999998784391,2.013450000049488,2.666468017975932
173,65,0.8111999995890073,2.1154499995645892,2.6078032552223585
173,70,0.8673499996803002,2.3350500000560714,2.6921657934129892
173,75,0.8915499997783627,2.5491500005045964,2.8592339197333962
173,80,1.0193499997512845,5.074950000107492,4.978613823854173
173,85,1.2990999998692132,5.847999999787135,4.501578015838566
173,90,1.0266499998579093,2.9416999996101367,2.8653387230480445
173,95,1.098100000035629,3.468599999905564,3.1587287130434585
173,100,1.1193000004823261,3.0457499997282866,2.721120341656231
183,0,0.2214499995716323,0.4329499997766106,1.9550688670765362
183,5,0.27130000034958357,0.5857999999534513,2.1592333180929555
183,10,0.318549999519746,0.7494500000575499,2.3526918888320187
183,15,0.36964999981137225,0.9117499998865242,2.466522386992503
183,20,0.41980000014518737,1.0639000001901877,2.534302048171127
183,25,0.4760500000884349,1.271699999961129,2.671358050047028
183,30,0.5265999998300686,1.4874000003146648,2.8245347527433387
183,35,0.6288499998845509,1.5478000000257452,2.4613182798917106
183,40,0.633650000054331,1.7436500002077082,2.7517557011886726
183,45,0.6978000001254259,3.7415499996313883,5.361923185667619
183,50,0.7251999995787628,2.0829500003856083,2.8722421422993705
183,55,0.7738499998595216,3.188650000083726,4.120501390014302
183,60,0.8476000002701767,2.197800000431016,2.592968380993932
183,65,0.8808499997030594,2.414350000435661,2.7409320556843446
183,70,0.9450999996261089,2.5389000002178364,2.6863823946907743
183,75,0.980999999683263,2.7841500004797126,2.8380733959007496
183,80,1.0313000002497574,2.8158499999335618,2.7303888289068428
183,85,3.365050000411429,4.002300000138348,1.1893731147082525
183,90,1.1343500000293716,6.961749999845779,6.137215144942495
183,95,1.2001499999314547,3.4006500000032247,2.833520810063283
183,100,1.2449000000742672,3.3623499998611805,2.700899670383639
193,0,0.2260500004922505,0.42355000005045434,1.8737005048800015
193,5,0.28345000009721844,0.627500000064174,2.2137943194529983
193,10,0.3427500000725558,0.807249999979831,2.355215170850318
193,15,0.4095999997844046,0.9774499999366526,2.386352540163914
193,20,0.4513500002758519,1.1153500004184025,2.4711421285847637
193,25,0.5151500004103582,1.2828999997509527,2.4903426161875575
193,30,0.5663999995704216,1.4433999999710068,2.5483757080962817
193,35,0.640349999684986,1.5973999998095678,2.494573281167164
193,40,0.7018500000413042,2.401700000064011,3.4219562583496046
193,45,0.7592500001010194,1.910550000047806,2.516364833445643
193,50,0.8688500001881039,3.9140500002758927,4.504862748953801
193,55,0.8493999998790969,2.2479499998553365,2.646515187397349
193,60,0.9134500000982371,2.5828999996519997,2.8276315062392263
193,65,0.9673499994278245,2.7558499996303,2.8488654584797133
193,70,1.0309499998584215,2.819399999680172,2.7347592027424756
193,75,1.080649999948946,2.917650000199501,2.6999028365681226
193,80,1.1336000002302171,3.3923999994840415,2.9925899777656104
193,85,1.22125000007145,3.513349999593629,2.8768474918223776
193,90,2.7951499996561324,4.1312500002277375,1.4780065473180244
193,95,1.3040999997429026,3.659900000457128,2.8064565609835603
193,100,1.3838499999110354,3.8098499999250643,2.7530801749972835
203,0,0.24404999976468383,0.457399999959307,1.874206106946683
203,5,0.31209999997372506,0.6694499998047831,2.1449855810994634
203,10,0.37849999989703065,0.8855500004756323,2.3396301207834673
203,15,0.4352999999355234,1.0531000002629298,2.4192510921638295
203,20,0.49799999987953925,1.2547999999696913,2.5196787154080598
203,25,0.5536499998015643,1.5358499995272723,2.774044974402135
203,30,0.6313499998213956,1.6420500001004257,2.600855310944721
203,35,0.7804000006217393,1.7953500000658096,2.300550997738937
203,40,0.7737999999335443,2.2852500001135923,2.9532825023389178
203,45,1.712049999696319,2.1232999997664592,1.2402091061260403
203,50,0.8734999996704573,3.0364500003088324,3.4761877520943156
203,55,0.950149999880523,2.5147999999717285,2.6467399887259413
203,60,1.0015500006375078,2.723399999922549,2.719185261034444
203,65,1.0641999997460516,2.7881500000148662,2.6199492582974986
203,70,1.1265999996794562,3.0377499997484847,2.696387360742761
203,75,1.1675499999910244,3.1973000000107277,2.738469444593642
203,80,1.2549000002763933,3.3398499995200837,2.6614471262925155
203,85,1.3110499999129388,3.531899999416055,2.6939475989859982
203,90,1.3762999997197767,8.563450000565354,6.222080943332795
203,95,1.4330500002870394,4.122049999750743,2.876417430602629
203,100,1.4956499999243533,4.033200000321813,2.696620198927425
213,0,0.2385999996477039,0.4750000002786692,1.9907795514669449
213,5,0.3308499995000602,0.7128999995984486,2.1547529112156427
213,10,0.39535000041723833,0.9038500002134242,2.28620209753265
213,15,0.47309999990829965,1.1033499999939522,2.3321707888560836
213,20,0.5312500002219167,1.2939000002916146,2.4355764701197544
213,25,0.5908500002078654,1.515899999958492,2.565625792375708
213,30,0.6750000002284651,1.69484999969427,2.5108888875861033
213,35,0.8707499996489787,3.040950000013254,3.492334196082845
213,40,0.8015000003069872,5.360550000204967,6.688147221649147
213,45,0.8742499994696118,2.307650000147987,2.6395767818678726
213,50,0.9594000002834946,2.549950000229728,2.657859078044861
213,55,1.026200000069366,2.8255500001250766,2.753410641136312
213,60,1.0905000003731402,2.9228499997770996,2.680284272147618
213,65,1.1480999996820174,3.463000000010652,3.0162877806548027
213,70,1.2489000000641681,3.3608999997341016,2.6910881572274956
213,75,1.3186500000301749,3.5854000002473185,2.718992909540267
213,80,1.3495500002136396,9.265199999845208,6.865399576435469
213,85,1.4360000000124273,3.898849999586673,2.7150766013599807
213,90,1.5129499997783569,4.019850000531733,2.656961565894861
213,95,1.5475500003958587,4.239549999965675,2.739523762644962
213,100,3.2981499998641084,9.852600000158418,2.9873110684972994
223,0,0.2564000001257227,0.5999499999234104,2.3398985944977846
223,5,0.3393500001038774,0.7559500004390429,2.227641079144368
223,10,0.41539999983797316,1.0128499993697915,2.4382522863862635
223,15,0.4929000001538952,1.2016999999104885,2.438019881386263
223,20,0.5748000003222842,1.5073999998094223,2.622477381635768
223,25,0.6377000004249567,1.6736500001570676,2.624509956157699
223,30,0.7169999998950516,1.8655000003491293,2.601813111049073
223,35,0.812800000403513,2.0994499996049854,2.582984742326178
223,40,0.8729499995752121,2.3752500001137378,2.7209462183052437
223,45,0.934400000005553,2.4691499997970823,2.6424978593561734
223,50,1.0469000003467954,2.9002500000387954,2.7703219018798935
223,55,1.1010499997610168,2.909150000050431,2.6421597572152606
223,60,1.400899999680405,3.303999999388907,2.358483831924239
223,65,1.3525500003197521,5.230350000601902,3.8670289448563167
223,70,1.310149999881105,3.6107500000071013,2.7559821397052047
223,75,1.3942499999757274,3.7716500000897213,2.7051461360268116
223,80,1.4828499997747713,3.9806499999031075,2.6844589813586843
223,85,1.5496000000894128,4.095700000107172,2.643069179059659
223,90,1.6363499998988118,4.3566499998632935,2.6624194091317253
223,95,2.565599999343249,4.953850000219973,1.9308738702401296
223,100,1.782899999852816,4.951250000431173,2.7770766733074845
233,0,0.27399999999033753,0.5200999994485755,1.898175180536192
233,5,0.35720000005312613,0.7874499997342355,2.2045072777634895
233,10,0.44335000029605,1.0194499996032391,2.299424831222498
233,15,0.5178999995223421,1.2573499998325133,2.4277852886506355
233,20,0.6100999999034684,1.506049999534298,2.4685297488486952
233,25,0.6865500004096248,1.7392999998264713,2.5333915938951734
233,30,0.7731000000603672,1.982499999940046,2.564351312618346
233,35,0.8652500000607688,2.1498999999494117,2.4847153999403857
233,40,1.0581999999885738,2.547250000134227,2.4071536573064933
233,45,1.0223500003121444,3.8104500004010333,3.727148236159461
233,50,1.1131499995826744,2.8858999999101798,2.5925526667494214
233,55,1.174199999695702,3.179849999924045,2.708099131960581
233,60,1.2744000000566302,3.5898999999517405,2.8169334587195674
233,65,1.3749499998993997,3.7020499999016465,2.6924979091403416
233,70,1.4108000000305765,3.7796500000695232,2.679082789897651
233,75,1.5071500001795357,4.130949999762379,2.740901701403503
233,80,1.9810000003417374,4.489599999942584,2.2663301358748584
233,85,1.6659000002618995,4.929799999445095,2.959241250177124
233,90,1.791999999568361,4.83280000025843,2.6968750007938094
233,95,1.8657000000530388,4.932100000587525,2.6435654180454056
233,100,4.612449999967794,5.420699999831413,1.175232251811784
243,0,0.2840500001184409,0.6323500001599314,2.2261925713651087
243,5,0.37149999934626976,0.8430000002590532,2.2691790087280865
243,10,0.9227499999724387,1.082499999938591,1.1731238146528569
243,15,0.5530500002350891,1.4299999998002022,2.5856613311496996
243,20,0.6528500002787041,1.6011999996408122,2.452630771168345
243,25,0.7266500001605891,1.8188500002906949,2.5030619966816627
243,30,0.8459499999844411,2.2704500006511807,2.6839056690028245
243,35,0.9154500003205612,2.469499999733671,2.697580423692098
243,40,1.0152500003641762,2.8084000005037524,2.7662152174305468
243,45,1.083699999981036,2.8038000000378815,2.587247393270228
243,50,1.193399999920075,3.1720500001028995,2.6579939670817323
243,55,1.3135999997757608,3.436299999975745,2.615940926128457
243,60,1.3654499998665415,3.721600000062608,2.725548354334729
243,65,1.4696999996886007,3.93949999988763,2.6804790098131113
243,70,1.551500000005035,4.210799999782466,2.714018691439769
243,75,1.644899999973859,4.528649999883783,2.7531460878811798
243,80,1.7477499995948165,4.723749999811844,2.702760692837624
243,85,1.856100000168226,4.818149999664456,2.5958461285640686
243,90,1.9375000001673468,5.214150000483642,2.691174193565565
243,95,1.9773500002884248,5.468049999763025,2.7653425033329615
243,100,2.118849999988015,5.66229999958523,2.672345847802939
254,0,0.2890999994633603,0.571349999972881,1.9763057801226054
254,5,0.5292000000736152,0.8939499998632527,1.6892479208973892
254,10,0.5589500001406122,5.497850000210747,9.836031843327095
254,15,0.5875499996363942,1.431999999567779,2.4372393846548777
254,20,0.6928000002517365,1.7199500002789136,2.482606812433532
254,25,0.8053500000642089,1.991399999951682,2.4727137266938746
254,30,0.8809999994809914,2.297050000379386,2.6073212278463203
254,35,0.9936999999808904,2.506049999738025,2.521938210512446
254,40,1.0777999996207654,2.911149999818008,2.7010113201357626
254,45,1.176599999780592,3.1639499998163956,2.689061703558046
254,50,1.2915500005874492,3.4153000001424516,2.6443420685138284
254,55,1.3882499997635025,3.770800000438612,2.716225464491981
254,60,4.231400000207941,4.472749999877124,1.0570378597290075
254,65,1.5974500001902925,4.15900000007241,2.6035243666950323
254,70,1.7158000000563334,4.496750000271277,2.6207891363350266
254,75,1.7763500000000931,4.744900000332564,2.6711515187504236
254,80,1.8544000004112604,5.16135000043505,2.7832991799452054
254,85,1.9601999997576058,5.473899999742571,2.792521171523039
254,90,2.0739500000672706,5.625650000638416,2.7125292318792362
254,95,2.2248999998737418,5.805899999813846,2.6095105398639573
254,100,2.495249999810767,6.460600000082195,2.58915940309474
264,0,0.3051500002584362,1.2234999999236607,4.009503519211731
264,5,0.5993999998281652,1.0947000000669505,1.82632632696159
264,10,0.5383000002439076,1.4446999998654064,2.6838194300776568
264,15,0.6450500000028114,1.5691000003243971,2.4325246109876106
264,20,0.7551000003331865,1.8282999999428284,2.421268704987544
264,25,0.863000000208558,2.136199999767996,2.4753186549846444
264,30,0.9819499996410741,2.41825000011886,2.4627017679136283
264,35,1.0812000004989386,2.8383499998199113,2.625184978274237
264,40,1.1793000003308407,3.144399999655434,2.6663274813646267
264,45,1.3147499994374812,3.394299999854411,2.5817075499575357
264,50,1.4179999998304993,3.796150000198395,2.6771156563132354
264,55,2.527000000100088,4.482699999698525,1.7739216460312532
264,60,1.6608500000074855,4.636499999833177,2.7916428333758496
264,65,1.7246000002160145,4.79670000004262,2.781340600395344
264,70,1.8711500001700185,5.0487000003158755,2.6981802633979823
264,75,1.9692000000759435,5.397599999923841,2.741011578161527
264,80,3.454300000157673,9.25199999983306,2.6784008335728653
264,85,2.17144999987795,5.98935000016354,2.7582260703678103
264,90,2.257050000025629,6.296950000432844,2.789902749323826
264,95,2.381599999807804,6.5405999998802145,2.746305005209961
264,100,2.4972499995783437,6.9264999997358245,2.7736510164802692
274,0,0.31444999967789045,0.6212499997673149,1.9756718092024095
274,5,0.4583499999171181,1.0195000004387111,2.2242827547137862
274,10,0.5747499999415595,1.3272999999571766,2.3093518922873186
274,15,0.7073000001582841,1.6686000003574009,2.3591121164767297
274,20,0.8313000002999615,2.008500000101776,2.416095271715434
274,25,0.9617999994588899,2.427800000532443,2.5242254126620156
274,30,1.2521500002549146,3.7861000000702916,3.0236792710933287
274,35,1.1781499997596256,3.102099999978236,2.6330263553971465
274,40,1.3089999997646373,3.408150000268506,2.603628724890224
274,45,1.4501500004371337,3.7517000000661938,2.5871116773680516
274,50,1.617299999907118,4.293399999824032,2.65467136590033
274,55,1.713749999908032,4.429000000072847,2.5843909556881273
274,60,1.8226500001219395,4.822849999982282,2.64606479557766
274,65,1.9409500000620026,12.62520000045697,6.504649784926797
274,70,2.071950000299694,5.5176499995468475,2.6630227557367485
274,75,2.2135499998512387,5.721399999856658,2.584716857645485
274,80,2.289250000103493,6.162849999782338,2.6920825595735396
274,85,2.4381500002164103,10.772549999728653,4.418329470611932
274,90,2.549749999616324,6.805649999932939,2.6691440341041375
274,95,2.7026999996451195,7.6796500002274115,2.841473341930586
274,100,2.8462000000217813,7.437750000008236,2.6132211369374314
284,0,0.34075000030497904,0.6182499996612023,1.8143800414023608
284,5,0.48894999963522423,1.0812499999701686,2.211371307448253
284,10,0.615549999565701,1.4111500004219124,2.292502642218413
284,15,0.7577000001219858,1.7932499999915308,2.366701860502609
284,20,0.8833000001686742,2.1692000000257394,2.455790784118092
284,25,1.026450000154,2.5449499999012914,2.479370645934501
284,30,1.1913499997717736,2.9740999998466577,2.49641163421027
284,35,1.394950000303652,9.593250000307307,6.877128211204025
284,40,1.4267499996094557,3.5904999999729625,2.5165586129005013
284,45,1.6044499998315587,4.049749999467167,2.5240736700379105
284,50,1.7089000002670218,4.503749999912543,2.6354672591777257
284,55,1.8824499998117972,4.720900000393158,2.5078488145051088
284,60,2.0204500001455017,5.209699999795703,2.578484990680556
284,65,2.123549999851093,5.65744999994422,2.664147300671484
284,70,2.2779000005357375,5.980000000363361,2.6252249874695686
284,75,2.4014999999053543,6.44540000030247,2.6839058923824655
284,80,2.5839499999165128,6.783699999687087,2.6253216973649907
284,85,2.7904500002478017,7.298200000150246,2.615420451720024
284,90,2.8296499999669322,7.601249999879656,2.6862862898126925
284,95,6.589099999928294,8.752900000217778,1.3283908273228562
284,100,3.1729999996059632,8.572949999688717,2.7018436812963578
294,0,0.33709999979691924,0.6525499993585981,1.935775733466974
294,5,0.6957000000511471,3.3269999998992716,4.78223372093528
294,10,0.6533000000672473,1.8003999998654765,2.7558548900660536
294,15,0.8301999996547238,2.0273999998607906,2.442062154545864
294,20,0.96174999998766,2.3119500001484994,2.4038991423739677
294,25,1.1147000000164553,2.748149999661109,2.465371848587549
294,30,1.312549999965995,3.1987500001378066,2.4370500173103338
294,35,1.4113500001258217,3.505049999603216,2.4834732697706032
294,40,1.5670500001760956,4.032949999782431,2.5735936947316502
294,45,1.7840499999692838,4.610649999904126,2.584372635286852
294,50,2.2276999998211977,9.18050000018411,4.121066571316141
294,55,2.0395499996084254,5.190500000026077,2.5449241259212103
294,60,2.1945999997114995,5.6735500002105255,2.585231933362055
294,65,2.341250000426953,6.204349999734404,2.6500160164881885
294,70,5.409450000115612,6.567049999830488,1.2139958775273152
294,75,2.629749999869091,6.9874499999968975,2.6570776691110307
294,80,2.807349999784492,7.430050000039046,2.646641851072869
294,85,2.9704500002480927,7.87350000018705,2.6506084935041674
294,90,3.1411499999194348,8.07859999986249,2.5718606243158373
294,95,3.2779500002106943,8.911449999686738,2.718604615419376
294,100,3.451149999818881,8.878099999947153,2.572504817354529
304,0,0.3476500000942906,0.6792499998482526,1.9538328769280155
304,5,0.5324499998096144,1.1662500000966247,2.1903465123741857
304,10,0.699700000041048,1.599549999809824,2.2860511643789994
304,15,0.8827999999994063,2.108900000621361,2.388876303378771
304,20,1.0452999999870372,2.5196999999934633,2.4105041615083804
304,25,1.202749999720254,3.0011999997441308,2.495281646595033
304,30,2.700600000025588,3.768550000131654,1.3954491594815772
304,35,1.5427999996973085,3.7611999996443046,2.4379051078443337
304,40,1.7056500000762753,4.388799999560433,2.573095300538897
304,45,1.8785999995998282,4.691950000051293,2.4975779841641397
304,50,2.013300000271556,5.225149999660061,2.5953161470994326
304,55,2.220249999936641,5.685599999651458,2.560792703440472
304,60,2.392100000179198,10.451500000272063,4.369173529321147
304,65,2.565700000104698,6.606799999644863,2.5750477450112097
304,70,2.7593500003604277,7.161749999795575,2.595448202968128
304,75,2.9318500000954373,7.556250000106957,2.5772976106761893
304,80,3.1028000003061607,8.178049999969517,2.6357000126216867
304,85,3.2918500000960194,8.623599999737053,2.6196819416089774
304,90,4.30419999975129,9.242149999863614,2.147239905301253
304,95,3.6208500000611816,9.571250000590226,2.6433710317821784
304,100,3.749749999769847,9.933099999670958,2.6490032669592996
314,0,0.3900500000781903,0.7104500000423286,1.821433149339598
314,5,0.571499999750813,1.210850000006758,2.1187226606031775
314,10,0.8242999997492007,2.280049999626499,2.766043916438458
314,15,0.931999999920663,2.379999999902793,2.5536480687826097
314,20,1.123700000334793,2.614449999327917,2.326644120805351
314,25,1.334800000222458,3.1440500001735927,2.355446508577768
314,30,1.4685500000268803,3.594599999814818,2.4477205404984663
314,35,1.7659000000094238,8.337149999988469,4.721190327846411
314,40,1.9383000003472262,5.149299999629875,2.6566063038267718
314,45,5.561500000112574,5.295949999890581,0.9522520902244688
314,50,2.4174999998649582,5.631150000226626,2.3293278182176556
314,55,4.991849999896658,6.494650000149704,1.3010507127185627
314,60,2.6395000004413305,6.788399999550165,2.571850728704349
314,65,3.185749999829568,8.854449999944336,2.7793926078374116
314,70,4.21825000012177,8.02434999968682,1.9022936050388612
314,75,3.2346999996661907,8.07859999986249,2.4974804466244698
314,80,3.5913000001528417,10.27814999997645,2.8619580651961747
314,85,3.793249999944237,9.788299999854644,2.5804521188950207
314,90,3.799399999479647,9.931999999935215,2.6140969630192843
314,95,4.102549999970506,10.37015000019892,2.527732751647993
314,100,4.288599999654252,11.14015000030122,2.597619269971399
324,0,0.38165000023582246,0.705049999851326,1.8473732462090238
324,5,0.6071499997233332,1.297499999509455,2.1370336821225417
324,10,0.7947500002956076,1.8407999996270519,2.3162000615820895
324,15,1.01619999986724,2.4490999994668528,2.410057075169073
324,20,1.1936500004594564,2.8827000005549053,2.41502953080493
324,25,1.4225500003703928,3.3407000000806875,2.348388456792985
324,30,1.855599999998958,3.9329500000349076,2.1195031256936385
324,35,1.8093000003318593,4.503950000525947,2.4893328910074826
324,40,2.0149500001025444,4.99325000009776,2.4781011935004065
324,45,2.2094500004641304,5.452699999750621,2.467899250313514
324,50,2.39049999981944,6.0130499996375875,2.5153942690197733
324,55,2.739550000114832,13.27885000000606,4.8470916754391995
324,60,2.7953999997407664,7.296200000382669,2.6100736928737525
324,65,3.06055000055494,7.713800000146875,2.520396660321905
324,70,3.6750500003108755,8.645599999454134,2.352512210370688
324,75,3.6004999997203413,9.138200000506913,2.5380363841735027
324,80,3.654099999494065,9.598999999980151,2.6269122359292845
324,85,3.8545000002159218,14.648400000169204,3.800337267959172
324,90,4.134700000122393,10.511100000258011,2.542167509117195
324,95,4.297649999898567,17.91110000021945,4.167649762228703
324,100,4.49045000004844,12.25990000011734,2.7302163480241597
334,0,0.39770000057615107,0.7507000000259723,1.8876037187287587
334,5,0.6510500002150366,1.3730000000578002,2.1089010054593493
334,10,0.8425000000897853,1.939799999945535,2.302433234111348
334,15,1.071849999789265,2.437950000512501,2.274525354286349
334,20,1.297349999731523,3.1588500000907516,2.4348479598754786
334,25,1.5152999999372696,3.6127500002294255,2.384181350477784
334,30,1.71844999977111,8.672850000039034,5.0469027328081815
334,35,1.9606500004556437,4.884250000031898,2.491138142400136
334,40,2.188299999488663,5.29084999971019,2.4177900657800553
334,45,2.369599999838101,5.997750000005908,2.531123396529243
334,50,4.958150000220485,6.87305000019478,1.3862125994351
334,55,3.3208499999091146,7.814600000074279,2.353192706773311
334,60,3.0279999996309925,7.726750000074389,2.551766843136067
334,65,3.532249999807391,8.400199999869074,2.378144242431064
334,70,3.859800000100222,9.598650000043563,2.4868257422131532
334,75,3.778299999794399,9.517500000129075,2.5189900221387878
334,80,3.9551499999106454,10.304750000159402,2.6054005538076193
334,85,4.194099999949685,10.893300000134332,2.5972914332669736
334,90,4.38590000021577,12.024900000596972,2.741717777424335
334,95,4.655600000205595,12.184799999886309,2.617235157519593
334,100,4.910499999823514,12.78935000027559,2.604490377911668
344,0,0.4484999999476713,0.7706999999754771,1.7183946489752473
344,5,0.6751499995516497,1.4205999996192986,2.1041250100906224
344,10,0.9930499995789432,3.6561999995683436,3.681788430712034
344,15,1.1494000000311644,2.632149999953981,2.290020880357242
344,20,1.3957000001028064,3.2129999999597203,2.3020706453557733
344,25,1.6146500001923414,3.7491500002033717,2.321958318989727
344,30,2.1489000000656233,4.7481000001425855,2.2095490716169146
344,35,4.630949999409495,5.295550000028015,1.143512670338325
344,40,2.727250000134518,5.5996500000219385,2.0532221100910233
344,45,2.7157499998793355,6.245000000035361,2.2995489276674346
344,50,2.830900000390102,7.073949999721663,2.498834292538367
344,55,3.0642999995507125,8.950850000019273,2.9210096926970746
344,60,3.28864999983125,8.774299999913637,2.6680552811530176
344,65,3.5517999999683525,8.886449999863544,2.5019567543056267
344,70,3.8190000000213327,10.661850000360573,2.79179104485494
344,75,4.108650000034686,11.252150000018446,2.738648947932643
344,80,8.014900000034686,11.257449999902747,1.404565247208827
344,85,4.4756999996025115,13.109500000155094,2.929039033295206
344,90,8.367000000362168,12.9671499998949,1.5497968207641464
344,95,4.946999999447144,13.54605000005904,2.7382352944355954
344,100,5.277599999317317,13.766500000656379,2.608477338645813
354,0,0.8070500002759218,0.7915999999568157,0.9808562043072624
354,5,0.9649499997976818,3.550299999915296,3.6792579933257445
354,10,0.986449999800243,2.168349999919883,2.198134725894851
354,15,1.2166999999863037,2.9657499999302672,2.437535957889087
354,20,1.4864500003568537,3.4201499997834617,2.30088465737992
354,25,1.7094000004362897,4.134600000270439,2.4187434182842904
354,30,1.966450000054465,4.796199999873352,2.4390144675636356
354,35,2.243899999939458,5.4518000001735345,2.4296091627615435
354,40,2.4989499997900566,7.189800000105606,2.877128394209424
354,45,2.793749999909778,11.952599999858649,4.278335570557369
354,50,3.111049999915849,7.881700000325509,2.5334533358636797
354,55,6.58949999979086,8.0702499999461,1.2247135594813319
354,60,3.6988999995628546,9.148650000042835,2.4733434267279586
354,65,3.8413999996009807,9.55710000016552,2.487921070744585
354,70,4.183300000022427,11.533150000104795,2.7569502545939724
354,75,4.354149999926449,11.39015000035215,2.615929630477718
354,80,4.696449999755714,12.584550000156014,2.6795877739165963
354,85,4.962650000379654,13.045299999703275,2.6286963615619237
354,90,5.249300000286894,14.880900000207475,2.8348351207578495
354,95,5.908599999656872,14.193250000062108,2.4021341774508933
354,100,5.736199999773817,15.750799999750598,2.745859628390165
364,0,0.4209500002616551,0.8159499998328101,1.9383537221181377
364,5,0.7236000001284992,1.8863499999497435,2.606896074647263
364,10,1.0002999997595907,3.3847999998215528,3.3837848651754934
364,15,1.2816000003113004,2.8679500001089764,2.2377887011644444
364,20,1.785949999884906,3.6835000000792206,2.0624877517940594
364,25,1.855299999988347,4.278949999843462,2.306338597461509
364,30,2.124300000104995,9.4797000001563,4.4625052957151805
364,35,2.4044500000854896,5.670450000252458,2.3583147913455664
364,40,2.6689000001169916,12.393099999826518,4.643523548759139
364,45,3.0160999999679916,7.285199999842007,2.41543715391377
364,50,3.2687500001884477,9.086100000331498,2.7796864244153494
364,55,3.691749999688909,9.581649999745423,2.595422225381685
364,60,3.847650000352587,9.903749999921274,2.573973723964946
364,65,4.192350000266742,10.34990000016478,2.468758572043426
364,70,4.44759999982125,11.783049999849027,2.6493052433498043
364,75,4.699499999787804,12.498000000505272,2.6594318546801983
364,80,4.975199999989854,14.393149999705201,2.8929791766631596
364,85,5.282850000185135,14.751400000477588,2.792318540174457
364,90,5.590250000295782,14.767050000045856,2.6415723803523146
364,95,5.807899999581423,16.991999999845575,2.925670208004648
364,100,6.045000000085565,17.251849999865954,2.85390405287374
374,0,0.43440000035843696,0.8134500003507128,1.8725828721904003
374,5,0.7767500001136796,1.7193000003317138,2.2134534922176883
374,10,1.0735500000009779,2.4379499996030063,2.270923570956905
374,15,1.390899999478279,3.8922500002627203,2.7983679644278436
374,20,1.6349500001524575,4.1893000002346525,2.5623413559093575
374,25,1.9652000000860426,4.586449999806064,2.33383370629211
374,30,2.2703500003444788,5.355799999961164,2.3590195340579787
374,35,2.6468999999451626,6.127999999989697,2.315161131934208
374,40,2.9663000000255124,6.980549999752839,2.353285237397701
374,45,3.205099999831873,7.813000000169268,2.437677451742257
374,50,3.788199999689823,8.728600000267761,2.3041550079146975
374,55,3.7870000001021253,9.215500000209431,2.433456561912045
374,60,4.088650000085181,9.99309999997422,2.4441074681780117
374,65,4.51710000015737,11.43034999995507,2.5304620219957163
374,70,4.802800000561547,12.516799999502837,2.6061464141832604
374,75,5.138550000083342,14.141850000214617,2.7521090579998737
374,80,5.351199999495293,14.389649999884568,2.6890510542012542
374,85,5.808250000427506,15.254349999850092,2.6263246242374763
374,90,7.238250000227708,16.697500000191212,2.3068421233952856
374,95,6.71215000011216,18.01530000011553,2.6839835223906636
374,100,6.898149999869929,17.610549999972136,2.5529381066378956
385,0,0.45504999980039423,0.8486000001539651,1.8648500176380616
385,5,0.8329500001309498,1.7034999996212719,2.0451407639755823
385,10,1.1914500000784756,2.6064000003316323,2.1875865543329223
385,15,1.4425499998651503,3.2685000005585607,2.265779349668365
385,20,1.7969999998967978,3.9848999999776424,2.217529215473843
385,25,2.0955500003765337,6.592699999600882,3.146047576252673
385,30,2.426549999654526,5.558100000143895,2.2905359464817194
385,35,2.777050000076997,6.590099999812082,2.3730577409947116
385,40,3.081650000240188,7.557450000149402,2.4524037446044695
385,45,3.4834500002034474,9.601050000128453,2.756189983943422
385,50,3.8190499999473104,9.531849999802944,2.49586939158546
385,55,4.16384999971342,9.975650000342284,2.3957755445150197
385,60,4.514699999617733,13.389350000124978,2.9657230826541467
385,65,4.811299999801122,11.840950000532757,2.4610708126747887
385,70,5.2375000000211,13.39804999952321,2.5581002385621447
385,75,5.478100000345876,14.102099999945494,2.5742684505677365
385,80,5.801150000024791,16.411950000474462,2.829085612405183
385,85,6.168049999814684,16.55655000013212,2.6842438048701864
385,90,6.617199999709555,17.060700000001816,2.5782355075788326
385,95,7.049650000226393,18.883700000060344,2.678671990730591
385,100,7.325499999751628,19.550550000076328,2.668834891917165
395,0,0.4600499996740836,0.8561499998904765,1.8609933713661662
395,5,0.8407000000261178,1.8918499995379534,2.2503271077425717
395,10,1.195949999782897,2.875200000289624,2.4041138850383077
395,15,1.5488500002902583,3.822050000053423,2.4676695608594517
395,20,1.889499999833788,4.168349999872589,2.206059804307628
395,25,2.2229999999581196,5.164200000308483,2.3230769232594577
395,30,2.630849999604834,6.069149999802903,2.306916016007951
395,35,7.286799999747018,6.923049999841169,0.9500809683374764
395,40,3.2900000001063745,7.89054999995642,2.3983434649548014
395,45,3.662899999653746,9.352599999601807,2.553332059429935
395,50,4.257649999999558,9.648199999901408,2.2660857515066786
395,55,4.47054999995089,11.231649999899673,2.5123642504888783
395,60,4.733000000214815,11.762600000565726,2.4852313543274582
395,65,5.086650000066584,14.216800000667718,2.7949239677354685
395,70,5.52434999963225,13.978800000131741,2.5303972414967
395,75,5.855500000052416,15.749150000374357,2.689633677778734
395,80,6.2693499999113556,16.362349999781145,2.6098957627206167
395,85,6.618299999900046,17.597549999663897,2.658922986254728
395,90,7.248700000218378,19.576600000164035,2.700704953933017
395,95,7.300549999854411,19.880750000083935,2.7231852395340628
395,100,8.554199999707635,20.93945000024178,2.447856024053383
405,0,0.4784499997185776,0.9106500001507811,1.9033336831151046
405,5,0.8647999998174782,1.8565000000307919,2.146739130923472
405,10,1.2654000001930399,2.7176499997949577,2.1476608182237817
405,15,3.212699999949109,5.667449999691598,1.764076944557965
405,20,1.9816999997601668,4.397250000238273,2.2189281933544156
405,25,2.407550000043557,5.336300000180927,2.21648563896259
405,30,2.873649999855843,6.563400000231923,2.2839942235697377
405,35,3.144850000353472,7.29825000053097,2.320698920365254
405,40,3.520549999393552,8.275900000171532,2.3507406517723464
405,45,4.0520000002288725,9.690150000096764,2.3914486672135804
405,50,4.724199999600387,10.499649999928806,2.2225244487568174
405,55,4.737449999538512,11.29545000003418,2.3842890164823904
405,60,5.067650000000867,14.694949999920937,2.899756297281466
405,65,5.507200000010926,13.825049999923067,2.5103591661635023
405,70,9.865550000085932,16.55715000060809,1.6782794674867465
405,75,6.585399999949004,15.84835000039675,2.4065888177664947
405,80,6.705349999720056,17.945449999842822,2.6762883370132853
405,85,7.863499999984924,19.2356499997004,2.4461944426447864
405,90,7.829499999843392,20.157749999725638,2.574589692844861
405,95,8.626399999684509,21.03355000008378,2.4382766856223954
405,100,8.649500000046828,21.3773499999661,2.4715128041910357
415,0,0.5795499996565923,0.9357999997519074,1.614701061696848
415,5,0.9464499999012332,2.8524999997898703,3.0138940251334385
415,10,1.305349999711325,2.808000000186439,2.1511472025184215
415,15,1.7340500003228954,8.336850000432605,4.807733340376696
415,20,2.097450000292156,4.666499999984808,2.224844453662689
415,25,2.5125000001935405,5.621799999971699,2.237532338124834
415,30,2.8897499996674014,6.609500000195112,2.287222078365201
415,35,3.502500000195141,8.244850000210135,2.3539900070666024
415,40,3.788400000303227,8.752849999837053,2.3104344839870308
415,45,4.217499999867869,9.799250000014581,2.323473621890121
415,50,4.83825000037541,15.124650000416295,3.1260579753511584
415,55,5.111399999805144,12.088899999525893,2.3650858864473028
415,60,10.507500000130676,14.388400000370893,1.3693457054667573
415,65,6.2099500000840635,14.774149999539077,2.379109332496893
415,70,6.243349999749626,26.544949999788514,4.25171582577511
415,75,11.503100000481936,17.30665000013687,1.5045205205041934
415,80,7.111249999979918,18.891350000103557,2.6565442081429995
415,85,7.517999999436142,19.723149999663292,2.6234570365978382
415,90,8.226399999784917,21.776900000077145,2.6471968297975437
415,95,8.331399999860878,26.228549999814277,3.1481563723086463
415,100,8.97409999925003,23.60239999961777,2.6300576104110984
425,0,0.4878499998994812,0.9667500003160966,1.9816541980430258
425,5,0.97204999974565,2.0944999996572733,2.154724551417445
425,10,1.3605000003735768,2.964699999665754,2.179125320728911
425,15,1.8061499999930675,3.915700000106881,2.1679816184269916
425,20,2.218099999936385,4.94905000050494,2.2312113974333343
425,25,2.684550000140007,6.182749999425141,2.3030861779824154
425,30,3.154900000026828,7.311249999929714,2.3174268597633976
425,35,3.5694499997589446,8.479950000037206,2.3757021391558593
425,40,4.001050000169926,9.494749999703345,2.3730645703753015
425,45,4.411950000303477,10.898100000304112,2.4701322543443336
425,50,4.983499999980268,12.071050000031391,2.4222032708095087
425,55,5.330899999989924,17.020550000324874,3.192809844558526
425,60,5.8045500004482165,14.286449999872275,2.461250225903662
425,65,6.349199999476696,17.173499999898922,2.7048289550359685
425,70,7.417799999984709,16.992500000014843,2.2907735447234856
425,75,7.074849999753496,17.888449999645673,2.528456433743323
425,80,7.620350000252074,20.42944999948304,2.6809070447954824
425,85,8.03025000004709,21.889699999974255,2.7259051710526934
425,90,13.076200000341487,22.673399999803223,1.7339441121435206
425,95,12.182599999960075,23.773899999923742,1.9514635627864048
425,100,9.490200000072946,24.831599999743048,2.6165518112950394
435,0,0.5043000001023756,1.0091499998452491,2.0010906199492093
435,5,1.4223500002117362,7.052249999560445,4.9581678198127195
435,10,1.4194999998835556,3.0698499999743944,2.1626276859642273
435,15,1.8958499999826017,4.207150000183901,2.219136535180795
435,20,2.3495500004173664,5.286599999635655,2.250047880954464
435,25,2.8287999998610758,6.293400000231486,2.2247596155757066
435,30,3.424900000482012,7.454850000158331,2.1766620920637547
435,35,3.7572999999611056,8.495800000218878,2.2611449712045415
435,40,4.318100000091363,10.22404999957871,2.367719598750003
435,45,4.7158000002127665,11.64024999980029,2.4683510749554918
435,50,5.186599999888131,12.322099999892089,2.37575675782938
435,55,12.149799999860988,13.666549999925337,1.1248374458906074
435,60,6.20230000004085,15.369300000202202,2.478000096754587
435,65,6.548599999860016,17.43609999994078,2.662569098786534
435,70,7.06369999988965,17.2179999999571,2.437532737832309
435,75,7.57179999982327,19.712450000042736,2.603403418011944
435,80,8.070649999808666,20.882049999727315,2.5874062188575113
435,85,8.766050000758696,22.251500000038504,2.5383724708520545
435,90,9.036500000092929,23.66390000042884,2.6187019310779047
435,95,10.176250000313303,24.253399999906833,2.383333742700909
435,100,10.30815000012808,25.869200000215642,2.50958707429502
445,0,1.1709999998856802,1.1792000000241387,1.0070025620318181
445,5,1.0671000000002095,2.2060999995119346,2.0673788768733026
445,10,1.5236999997796374,3.3982999993895646,2.230294677351866
445,15,1.9608000002335761,4.315850000239152,2.2010658913326373
445,20,2.4578000002293265,5.3661500000998785,2.183314346000157
445,25,2.9547499998443527,6.5947500002039305,2.2319147137833393
445,30,5.76809999984107,7.92554999998174,1.3740313101714803
445,35,4.1559500000403204,9.242100000392384,2.22382367456363
445,40,4.618749999735883,10.395950000201992,2.250814614516151
445,45,4.957950000061828,12.514900000041962,2.5242085942548624
445,50,5.509350000011182,13.61635000057504,2.4714984527298873
445,55,6.140799999684532,14.998149999883026,2.442377214801576
445,60,6.534000000101514,16.476399999646674,2.5216406488201244
445,65,7.01100000014776,18.094699999892327,2.580901440523602
445,70,7.535150000421709,19.115049999982148,2.536784270905339
445,75,8.064099999955943,20.662199999605946,2.5622450118077444
445,80,8.697600000232342,22.560449999673438,2.59387072285122
445,85,9.048099999745318,24.491300000136107,2.7067892707668437
445,90,9.598650000043563,24.65154999981678,2.568230949113146
445,95,10.191050000230462,27.535249999800726,2.7019051029263954
445,100,10.651049999978568,30.357149999417743,2.8501556184112204
455,0,0.5206000000725908,1.003600000331062,1.9277756438554037
455,5,1.0753999999906227,2.311600000211911,2.149525758073338
455,10,1.5743999997539504,3.4294499996576633,2.1782583842693235
455,15,4.785300000094139,4.492349999964063,0.9387812676061451
455,20,2.5716499999361986,12.261099999705038,4.767794995434539
455,25,3.1583000004502537,7.033150000097521,2.226878383654137
455,30,3.625350000220351,8.607199999914883,2.374170769551004
455,35,4.627400000117632,17.17854999969859,3.7123546698495695
455,40,4.808049999610375,11.11079999964204,2.310874471052176
455,45,10.970999999699416,12.416900000062014,1.1317929086138194
455,50,5.765349999819591,13.361899999836169,2.3176216535430267
455,55,8.174800000233517,15.654399999675661,1.9149581640197295
455,60,6.8199000002096,17.115350000040053,2.5096189092969157
455,65,7.545899999968242,22.557549999874027,2.9893783379012397
455,70,9.04629999968165,20.286249999571737,2.2424914053575087
455,75,9.33679999980086,21.59785000003467,2.3131961700470525
455,80,9.204949999457313,23.248200000125507,2.5256193680026646
455,85,9.536600000046747,25.100649999785674,2.6320334290693363
455,90,11.181200000009994,26.157099999636557,2.339382177191462
455,95,11.4237999996476,28.378099999827096,2.484120870524913
455,100,11.5132499995525,31.582049999997253,2.7431046838403397
465,0,0.5430999999589403,1.0353500001656357,1.9063708345496422
465,5,1.1233999998694344,2.3496499998145737,2.091552430200871
465,10,1.6519000000698725,3.57964999966498,2.1669895269166215
465,15,2.274150000175723,4.868299999998271,2.1407119141754496
465,20,2.769099999568425,5.98630000013145,2.1618215308455593
465,25,3.3839000002444664,7.441299999754847,2.199030703985714
465,30,3.9707500000076834,8.790099999714585,2.213712774588573
465,35,4.493550000006508,11.049300000195217,2.4589244584302423
465,40,4.941599999710888,11.628149999523885,2.353114375951958
465,45,5.591499999809457,13.216949999787174,2.363757489088361
465,50,6.135200000244367,14.28924999981973,2.3290601772151818
465,55,7.18635000021095,16.617300000234536,2.3123421486215876
465,60,7.507699999678152,18.438200000218785,2.4559052707232856
465,65,7.866150000154448,20.17379999961122,2.564634541575627
465,70,8.516799999597424,21.48834999979954,2.5230544336858043
465,75,9.939600000052451,23.67259999982707,2.3816451365952505
465,80,9.558999999626394,25.051149999853806,2.6206873104752493
465,85,10.66365000042424,26.498500000343483,2.4849371462200347
465,90,12.763100000029226,28.079800000341493,2.2000767838751707
465,95,11.215900000024703,30.255550000219955,2.697558822756383
465,100,11.903699999948003,31.377100000099745,2.6359115233277723
475,0,0.5609500003629364,1.1012999998456507,1.963276582820405
475,5,1.1936500004594564,2.4946499997895444,2.0899342343478495
475,10,1.7675999997663894,4.064700000071753,2.2995587240376523
475,15,2.313500000127533,5.012449999412638,2.166609033557953
475,20,2.8486999995038786,6.13629999998011,2.154070278038681
475,25,3.432700000303157,9.16784999981246,2.6707402333448327
475,30,4.2333999995207705,9.399399999892921,2.2202957436001682
475,35,4.5715999999629275,11.158650000197667,2.440863155194714
475,40,5.297199999859004,11.907199999768636,2.247829041774064
475,45,5.836049999743409,14.534299999468203,2.490434454829418
475,50,6.412449999970704,15.704400000231544,2.4490483357068347
475,55,8.790650000264577,16.70784999987518,1.900638746778943
475,60,7.588299999952142,19.189300000107323,2.5288009172315733
475,65,9.250049999536714,20.88404999949489,2.2577229312858704
475,70,8.819849999781582,22.531550000167044,2.554640952025831
475,75,9.387399999923218,24.15675000020201,2.573316360270106
475,80,10.097750000113592,25.63170000030368,2.5383575549023636
475,85,10.806699999648117,27.566700000079436,2.550889725908654
475,90,11.548500000117201,29.292699999587057,2.536493916897413
475,95,11.650400000235095,30.50195000014355,2.6181032410499254
475,100,13.152350000382285,37.99990000061371,2.8892099130200464
485,0,0.6043000003046473,3.0448500001512,5.038639746179369
485,5,1.2684500002251298,2.552599999944505,2.0123773104903298
485,10,1.8125999999938358,3.9763999998285726,2.193754827232757
485,15,2.3644000002605026,5.406800000400835,2.2867535103219128
485,20,3.0245499997363368,6.586250000054861,2.1775966674807865
485,25,3.601300000354968,7.951449999836768,2.207938799614867
485,30,4.276849999769183,9.678500000518397,2.26299729965763
485,35,4.91890000012063,11.017299999821262,2.2397893837140574
485,40,12.06640000009429,12.502999999469466,1.036183120016887
485,45,6.306199999926321,14.628800000082267,2.319748818663091
485,50,6.857800000034331,16.935600000579143,2.469538335981563
485,55,7.896950000031211,17.40105000044423,2.20351528126371
485,60,8.114950000162935,19.77990000023056,2.437464186450121
485,65,8.705449999979464,24.526149999928748,2.81733282024325
485,70,9.256050000203686,23.895899999843095,2.5816520005096395
485,75,9.877200000119046,27.18730000015057,2.752531081665137
485,80,10.648499999660999,27.691199999935634,2.6004789407726157
485,85,11.198150000382157,29.078949999984616,2.596763751065332
485,90,11.81059999998979,29.697199999645818,2.5144531183573644
485,95,12.783350000518112,36.49180000002161,2.8546351307397977
485,100,13.809149999815418,34.31514999965657,2.48495743764933
495,0,0.6063499999982014,1.0923499994532904,1.8015172746046517
495,5,1.2321500003054098,2.6976500003002,2.1893844090667054
495,10,1.8584500003271387,3.89530000029481,2.0959939732621966
495,15,2.5928499999281485,5.345500000203174,2.061631023912415
495,20,3.100750000157859,6.827999999586609,2.202047891393694
495,25,3.91410000020187,9.454799999730312,2.4155744613685597
495,30,4.602500000146392,10.182549999626644,2.2123954371108674
495,35,5.172250000214262,11.353750000125729,2.1951278456484884
495,40,5.95019999991564,13.418049999927462,2.2550586535104196
495,45,10.558299999956944,14.44900000024063,1.3684968224334932
495,50,15.241200000218669,18.167649999668356,1.1920091593449138
495,55,7.928250000077242,18.918500000381755,2.3862138555415684
495,60,8.50285000024087,20.7359500000166,2.438705845619903
495,65,10.949850000542938,23.26770000036049,2.124933218190823
495,70,10.505700000067009,25.639999999839347,2.4405798756556734
495,75,11.339100000441249,27.430749999894033,2.4191293840628085
495,80,11.902749999535445,30.16045000003942,2.5339060302212983
495,85,11.867200000324374,32.60699999964345,2.747657408550642
495,90,12.79854999984309,32.073099999706756,2.505994819733483
495,95,15.52415000014662,35.422250000010536,2.2817513358010575
495,100,13.970900000003894,37.23930000023756,2.6654904122302203
506,0,0.6143999999039806,1.21034999983749,1.9699707031683682
506,5,1.3461000003189838,3.751199999896926,2.7867171822360954
506,10,1.9622000004346773,4.313500000080239,2.1982978285213988
506,15,2.6300499998797022,5.848749999586289,2.223817037643318
506,20,3.294050000022253,7.603800000197225,2.308343832105116
506,25,5.033299999922747,8.579750000080821,1.7045973814818325
506,30,4.921500000364176,10.522749999836378,2.1381184596277003
506,35,5.4530000002159795,11.938699999973323,2.1893819914726684
506,40,5.990449999899283,17.98640000015439,3.0025123322048914
506,45,6.821299999955954,15.981550000105926,2.342889185376559
506,50,7.335749999583641,17.823499999849446,2.4296765839704277
506,55,8.273100000224076,22.576049999770476,2.72885012862881
506,60,16.21229999955176,22.334200000386772,1.3776083591473307
506,65,17.778399999770045,24.038600000039878,1.3521239256823339
506,70,12.725349999982427,25.06045000018275,1.9693328670894992
506,75,19.105999999737833,27.637599999707163,1.4465403538200774
506,80,11.79004999994504,30.6535999998232,2.599955046837468
506,85,12.715149999621644,32.8759999997601,2.585577047910435
506,90,13.42469999963214,33.93079999977999,2.527490372277202
506,95,14.06425000004674,37.32720000016343,2.6540483850926555
506,100,15.24955000013506,39.04839999995602,2.560626379113494
516,0,0.6212999996932922,1.1987500001851004,1.9294221805518577
516,5,1.4122500001576554,2.890850000312639,2.0469817666772325
516,10,2.0100500000808097,4.404150000482332,2.1910648990349855
516,15,2.7027999999518215,6.0160499997437,2.2258583690435616
516,20,3.402650000225549,11.094250000041939,3.2604734543095946
516,25,4.09685000022364,8.824800000184041,2.1540451809810737
516,30,4.89815000037197,10.824299999512732,2.2098751566797104
516,35,5.583099999967089,12.801249999938591,2.292857014922543
516,40,6.451949999700446,15.838150000490714,2.4547849876744325
516,45,7.040249999590742,15.79189999938535,2.2430879585672883
516,50,7.889999999861175,18.323599999803264,2.3223827630070555
516,55,9.034800000335963,20.70224999988568,2.2913899587280135
516,60,10.262000000238913,24.58680000017921,2.3959072305210287
516,65,10.260650000418536,24.664400000347086,2.403785335172822
516,70,10.56875000040236,26.898800000253686,2.5451259608969488
516,75,11.68355000027077,28.183950000311597,2.4122762345056445
516,80,12.990600000193808,31.52490000002217,2.426747032435134
516,85,13.083100000130798,33.24949999978344,2.5414083817635746
516,90,13.517899999897054,34.06769999992321,2.520191745772838
516,95,14.949649999834946,37.60409999995318,2.5153833033126762
516,100,16.440699999748176,38.15150000036738,2.320552044678861
526,0,0.6202500003382738,1.2210999998387706,1.9687222880657853
526,5,1.4252000000851694,2.9205000005276816,2.0491860793945786
526,10,2.096950000122888,4.722350000065489,2.252008869924769
526,15,2.8463999997256906,6.40930000008666,2.251721472984938
526,20,3.609249999954046,8.534099999451428,2.364507861622245
526,25,4.343200000221259,10.350199999720644,2.3830815986354223
526,30,5.214100000102917,11.187950000021374,2.145710669108867
526,35,8.384799999930692,13.455100000101083,1.6047013643989483
526,40,6.531850000101258,15.861150000091584,2.428278359093626
526,45,7.303150000097958,18.847249999907945,2.5807014780820805
526,50,8.662149999508983,18.621300000177143,2.149731879641047
526,55,9.082600000510865,20.967600000403763,2.30854601096871
526,60,9.793050000098447,23.550800000521125,2.404848336349184
526,65,10.439399999995658,25.883949999752076,2.4794480525473537
526,70,11.548099999799888,26.977049999914016,2.3360596115708634
526,75,12.05854999989242,30.794350000178383,2.553735731116354
526,80,22.45794999998907,33.29905000009603,1.4827288332244144
526,85,14.113650000126654,35.91844999982641,2.5449440789238844
526,90,15.481249999993452,34.37744999973802,2.22058619295939
526,95,15.78125000014552,40.97044999980426,2.5961473266963306
526,100,23.66390000042884,42.60805000012624,1.8005506277221461
536,0,0.6346499999381194,1.2319000002207758,1.9410698815739231
536,5,1.3963999999759835,2.973199999814824,2.1291893439315093
536,10,2.1865499998057203,4.649949999929959,2.126614987237025
536,15,2.9772999996566796,6.5484000006108545,2.1994424483142336
536,20,5.337299999609968,11.711000000104832,2.194180578374952
536,25,4.586999999901309,9.566449999965698,2.0855570089756976
536,30,10.863449999760633,12.149750000389758,1.1184062153972696
536,35,6.0930999998163315,15.06534999998621,2.4725263003135245
536,40,10.821250000390137,16.903050000109943,1.5620237957260519
536,45,8.00485000036133,18.79890000054729,2.348438758964719
536,50,8.661700000175188,20.874950000234097,2.4100292090250055
536,55,9.573549999913666,31.33430000025328,3.273007400654496
536,60,10.06374999997206,26.657499999600986,2.6488634951856906
536,65,10.733199999776843,29.996500000379456,2.7947396863007414
536,70,12.498199999754434,31.16614999999001,2.4936510858045455
536,75,12.964300000476214,31.922099999974307,2.462308030422138
536,80,14.786449999974138,36.784349999834376,2.4877066503385676
536,85,14.802749999944353,37.18389999949068,2.5119589265258453
536,90,15.506449999975302,40.09555000038745,2.585733678595121
536,95,19.8339999997188,42.41694999973333,2.1385978622736066
536,100,18.82809999960955,46.07845000009547,2.4473234155889885
546,0,0.6328999998004292,1.3871999999537366,2.1918154532961904
546,5,1.453150000088499,3.196549999756826,2.1997384988212856
546,10,2.222250000158965,4.632050000054733,2.0843964449199626
546,15,2.971200000047247,6.364400000165915,2.142030156187638
546,20,3.8615499993284175,9.360649999962334,2.4240654663516708
546,25,4.766199999721721,12.168500000370841,2.553082120154696
546,30,5.643399999826215,12.964150000243535,2.297223305213658
546,35,6.446200000027602,15.790349999861064,2.449559430330032
546,40,7.224999999834836,17.561700000442215,2.4306851212240383
546,45,7.978100000400445,19.527150000158144,2.447594038577859
546,50,8.733850000226084,23.039950000111276,2.6380061484356685
546,55,9.642550000080519,28.00320000051215,2.904128057441062
546,60,10.418500000014319,27.32335000018793,2.6225800259298726
546,65,11.526499999490625,31.22254999971119,2.7087624171336455
546,70,12.427199999820004,31.554099999539176,2.5391158104799314
546,75,13.86259999981121,33.26195000045118,2.399401988148267
546,80,14.430000000174914,36.32870000001276,2.5175814275517947
546,85,14.959899999212212,39.48815000012473,2.639599863782791
546,90,15.434800000093674,42.157350000252336,2.7313181900637833
546,95,16.982549999283947,42.927399999825866,2.5277358230439986
546,100,17.731800000092335,47.53310000023703,2.680669757158862
556,0,0.694649999786634,1.3085000000501168,1.8836824306514512
556,5,1.4562999999725434,6.522850000237668,4.479056513328742
556,10,2.2825000000921136,4.9020999999811465,2.1476889374735224
556,15,3.0731999995623482,6.624200000260316,2.155473122869863
556,20,9.34994999988703,8.49644999971133,0.9087160893709579
556,25,4.978499999651831,10.642149999512185,2.1376217736781036
556,30,5.67239999963931,12.974450000001525,2.2872946197070956
556,35,7.905750000190892,15.281199999662931,1.932922240052361
556,40,7.191949999651115,17.935649999344605,2.4938507637309315
556,45,8.315749999837863,20.888100000320264,2.5118720501130425
556,50,9.191800000280637,23.522800000137067,2.559107030115852
556,55,10.675349999928585,24.860399999852234,2.3287667383288175
556,60,14.49884999965434,27.960200000052282,1.9284426006696302
556,65,13.3971999998721,28.70269999948505,2.14244021136947
556,70,13.099349999720289,32.89730000005875,2.511368884773764
556,75,13.77485000057277,35.963100000117265,2.6107797906054797
556,80,16.395399999964866,38.232099999277125,2.331879673527883
556,85,16.17340000029799,42.69065000016781,2.6395593999642157
556,90,16.513300000042364,44.17790000024979,2.675292037335751
556,95,18.33435000071404,43.92425000014555,2.395735327319207
556,100,22.21209999970597,47.112100000049395,2.1210106203678643
566,0,0.6642499997724371,1.2872499996774422,1.9378998872690045
566,5,1.5499999999519787,3.2415999999102496,2.0913548387165672
566,10,2.482349999354483,5.919100000028266,2.384474389819117
566,15,3.6368000000948086,6.804000000101951,1.8708754949198678
566,20,4.099349999705737,13.136049999957322,3.204422652591329
566,25,5.031149999922491,11.170450000463461,2.220257794070054
566,30,8.477700000184996,14.78434999989986,1.7439104945418267
566,35,6.6905999997288745,16.87309999988429,2.521911338380421
566,40,7.783600000038859,17.92154999975537,2.3024757181337554
566,45,8.627250000245112,22.789900000134367,2.6416181285446547
566,50,15.866249999817228,24.496699999872362,1.543950208786232
566,55,21.27280000013343,25.992399999722693,1.2218607799424457
566,60,11.569750000035128,28.621800000109943,2.473847749521212
566,65,12.02915000021676,32.94310000001133,2.738605803354161
566,70,13.524549999601732,34.7427499996229,2.568865507587757
566,75,20.58489999944868,38.31925000031333,1.8615222809602974
566,80,14.67915000011999,43.869399999948655,2.9885517894149225
566,85,16.598200000316865,43.50215000022217,2.620895639249539
566,90,18.636350000178936,46.30254999983663,2.484528891086079
566,95,19.71030000004248,46.73739999998361,2.371217079389095
566,100,19.372349999684957,51.10079999985828,2.6378214310958303
576,0,0.7116000006135437,1.2811500000680098,1.8003794251874627
576,5,1.5480499996556318,5.25149999975838,3.3923322896073067
576,10,2.4661000002197397,5.430050000086339,2.201877458173837
576,15,3.341800000271178,7.20339999998032,2.155544915732774
576,20,4.265349999968748,9.162850000393519,2.148205891769879
576,25,5.1317000002200075,11.625099999946542,2.2653506634152714
576,30,6.123400000433321,14.584300000024086,2.3817323707404436
576,35,7.037249999939377,17.30130000032659,2.4585313866177323
576,40,8.818299999802548,19.21180000044842,2.178628533944025
576,45,8.94544999982827,22.203250000529806,2.4820718914035687
576,50,9.767999999894528,25.454000000081578,2.6058558558923446
576,55,10.944050000034622,29.19544999986101,2.6677007140655107
576,60,11.579700000311277,31.173899999430432,2.6921163759503646
576,65,12.798950000160403,32.84194999923784,2.565987834847878
576,70,14.063200000236975,35.666499999933876,2.536158200077711
576,75,15.212749999591324,39.25884999989648,2.580654385364325
576,80,16.059600000062346,41.206449999663164,2.565845351036339
576,85,16.845850000208884,44.73840000036944,2.6557520101279954
576,90,17.817700000250625,47.1241000000191,2.644791415241936
576,95,19.074750000072527,51.19485000022905,2.683906735345648
576,100,20.202850000259787,55.43740000030084,2.744038588594578
586,0,0.6794999999328866,1.3392500000009022,1.9709345108656047
586,5,1.596450000306504,3.357300000061514,2.1029784831450673
586,10,2.8427999995983555,7.230749999962427,2.543531026095407
586,15,3.4722999998848536,11.137800000142306,3.2076145495814448
586,20,4.3060500001956825,9.631650000301306,2.2367715191099986
586,25,5.371050000121613,13.317599999936647,2.4795151785284264
586,30,6.265299999995477,14.915650000148162,2.380676104920583
586,35,9.126300000389165,17.151700000340497,1.8793706101716043
586,40,8.485450000080164,19.87684999994599,2.3424626860989353
586,45,9.189899999910267,22.706850000304257,2.470848431487391
586,50,10.25854999988951,24.982899999940855,2.435324680409018
586,55,11.244450000049255,28.919349999796395,2.5718776818492426
586,60,12.459799999760435,29.98505000005025,2.4065434437652913
586,65,14.495649999844318,33.553199999914796,2.3147082055840995
586,70,14.797249999446649,37.105699999756325,2.5076078326137567
586,75,15.977200000179437,40.15264999952706,2.5131218235408026
586,80,16.313999999510997,45.64460000028703,2.7978791223277675
586,85,18.30889999973806,50.78864999950383,2.773986968099146
586,90,19.157199999881414,50.73130000027959,2.6481583947859617
586,95,19.994100000076287,54.99290000034307,2.750456384640131
586,100,22.21159999999145,58.67980000039097,2.641853806137944
596,0,0.7208499996522733,1.4245000002119923,1.9761392812639922
596,5,1.7683000005490612,3.64865000028658,2.063365944214028
596,10,2.5715000001582666,5.354000000352244,2.0820532763067177
596,15,3.5086500001852983,7.458799999767507,2.125831872479043
596,20,4.559850000077859,9.791149999728077,2.147252650758445
596,25,5.47710000000734,13.060700000096404,2.384601340139654
596,30,6.475399999999354,16.178249999939,2.4984170861939976
596,35,8.161050000126124,17.689700000119046,2.167576476047281
596,40,8.511900000030437,21.918649999861373,2.5750596223854836
596,45,9.919799999806855,23.978449999958684,2.417231194220202
596,50,16.585500000019238,25.71205000003829,1.550272828676161
596,55,12.629549999928713,29.885899999953836,2.3663471778584766
596,60,13.037549999808107,33.95695000062915,2.6045499346985395
596,65,14.239699999961886,35.68085000006249,2.5057304578156843
596,70,16.975150000234862,36.03469999961817,2.122791256579153
596,75,16.424299999926006,42.65750000013213,2.597218755156951
596,80,17.549599999711063,45.357049999893206,2.5845061996079663
596,85,18.346249999922293,48.17000000002736,2.625604687619071
596,90,19.93994999975257,53.144999999858555,2.6652524204182066
596,95,21.798399999624962,55.513600000267616,2.5466823253643716
596,100,23.066149999976915,57.56269999983488,2.495548671967038
606,0,1.1154499998156098,1.4018500000929635,1.2567573627905304
606,5,1.6849999997248233,3.530799999680312,2.0954302672147924
606,10,2.685399999791116,5.75604999994539,2.143460937064543
606,15,5.247749999853113,8.084449999842036,1.5405554761694675
606,20,10.41220000024623,10.318550000192772,0.9910057432577896
606,25,5.749250000008033,13.06464999970558,2.2724094446557945
606,30,7.730300000275747,15.766849999636179,2.0396168323446386
606,35,8.72399999980189,18.850600000405393,2.1607748740065866
606,40,8.74694999993153,21.651049999945826,2.4752685221837676
606,45,10.465299999850686,25.380850000146893,2.4252386458590784
606,50,10.915149999618734,27.670299999954295,2.5350361654142013
606,55,11.961799999880895,31.131700000514684,2.602593255264648
606,60,14.033099999778642,31.393000000207394,2.2370680748161553
606,65,14.218150000033347,37.593599999581784,2.64405706786703
606,70,15.591850000419072,41.271799999776704,2.6470110986616353
606,75,16.608850000011444,40.90314999984912,2.4627322180536844
606,80,18.92289999977947,47.78875000010885,2.5254453598901745
606,85,24.928650000219932,50.358800000140036,2.0201174150904984
606,90,20.546749999994063,57.29804999964472,2.788667307465233
606,95,20.339200000307756,57.58430000014414,2.831197883853486
606,100,29.370749999998225,60.23129999994126,2.0507239345248216
616,0,0.7163000000218744,1.339649999863468,1.8702359344165262
616,5,1.7171499998767104,3.668249999918771,2.1362431937699955
616,10,2.754799999820534,6.121249999978318,2.2220306375697314
616,15,4.69985000017914,8.869750000030763,1.887241082096808
616,20,4.7413499996764585,10.389499999746477,2.1912535460270677
616,25,6.007949999457196,13.741199999913078,2.2871695006041266
616,30,6.859999999960564,15.558399999918038,2.26798833819351
616,35,7.9646999997748935,20.147649999671557,2.5296181902947996
616,40,12.712400000054913,22.387299999991228,1.7610600673275323
616,45,10.15274999963367,24.71049999985553,2.433872596168243
616,50,11.70715000034761,28.732750000017404,2.4542907538695813
616,55,13.768849999905797,31.02714999977252,2.2534307512962086
616,60,13.486649999777,35.857050000686286,2.6587069436278967
616,65,18.389200000001438,42.10830000010901,2.289838600923679
616,70,19.17524999998932,51.34950000046956,2.6779051120844923
616,75,18.49145000005592,53.615499999978056,2.8994751628355764
616,80,21.6841999999815,56.57250000012937,2.6089272373515104
616,85,22.153849999995145,58.56584999992265,2.6435969368726195
616,90,24.257349999970756,62.140399999861984,2.561714284533838
616,95,24.46635000023889,74.20405000038954,3.0329023331908935
616,100,27.895850000277278,71.26244999972187,2.5545896611508
627,0,0.7321999996747763,1.5467999996872095,2.11253755855539
627,5,2.059450000160723,4.591850000451814,2.229648692657485
627,10,3.468649999831541,6.647050000083254,1.9163219121001185
627,15,4.473349999898346,14.83730000018113,3.3168207273113657
627,20,6.261150000227644,12.902150000172696,2.060667768653298
627,25,6.425649999528105,18.759449999834032,2.919463400778398
627,30,14.08415000014429,19.583499999953347,1.3904637482384608
627,35,8.336900000358582,20.5305499998758,2.462612001942299
627,40,9.473650000018097,23.6567499996454,2.4971104061898224
627,45,10.80969999975423,29.719350000050326,2.7493223679404633
627,50,12.327599999480299,33.93880000021454,2.7530744022879814
627,55,15.73435000000245,34.23819999989064,2.176016168439453
627,60,17.38355000043157,41.4354499998808,2.383601163102595
627,65,18.221750000066095,51.59499999990658,2.8315063042638293
627,70,19.17989999992642,52.22730000014053,2.72302253923852
627,75,20.938749999913853,56.15999999963606,2.682108530827634
627,80,24.76840000008451,59.110700000474026,2.3865368776454003
627,85,24.163550000139367,63.44070000022839,2.625471009014093
627,90,29.365400000187947,71.05300000011994,2.4196162830972905
627,95,26.316500000575616,70.99820000030377,2.697858757766072
627,100,28.399849999914295,76.35445000005348,2.6885511719352
637,0,0.7363999998233339,1.406200000019453,1.9095600222118516
637,5,1.919750000070053,4.089099999873724,2.1300169291441646
637,10,6.008199999996577,7.436100000177248,1.2376585333679777
637,15,4.856399999880523,11.040849999972124,2.273463882761665
637,20,7.490250000046217,18.511499999931402,2.4714128366632866
637,25,6.386799999745563,16.48670000031416,2.5813709527417417
637,30,7.776400000238937,19.171500000084052,2.4653438608475633
637,35,10.988100000304257,24.79864999986603,2.256864243971147
637,40,12.412049999966257,27.758199999880162,2.23639124882317
637,45,12.379799999962415,32.628399999794055,2.635616084257671
637,50,14.29550000011659,36.14354999945135,2.528316603067859
637,55,15.420299999732379,41.53135000024122,2.6932906623711603
637,60,17.3915999998826,46.419799999966926,2.6690931254329833
637,65,18.201399999725254,49.66715000000477,2.728754381572543
637,70,21.27180000024964,53.399200000058045,2.5103282279558554
637,75,22.6714999998876,60.61280000039915,2.6735240279954855
637,80,36.29170000021986,61.825649999718735,1.7035754731617472
637,85,30.348100000082923,89.2845500002295,2.9420144918458004
637,90,34.25995000043258,81.9489499995143,2.3919751779695995
637,95,30.853700000079698,75.91024999965157,2.4603289070502234
637,100,28.280800000175077,91.26689999993687,3.2271682554726833
647,0,2.2094999999353604,4.1627000000517,1.8840009052606839
647,5,1.8800500001816545,3.8920500001040637,2.0701843034642726
647,10,2.9978000002301997,7.185150000168505,2.3968076588220564
647,15,4.693050000241783,10.025500000665488,2.136244020444909
647,20,7.337800000186689,14.040949999525765,1.9135094986465333
647,25,6.813049999436771,16.579950000050303,2.4335576579389486
647,30,7.590499999878375,20.40369999986069,2.6880574402460478
647,35,12.299200000143173,23.283299999548035,1.8930743462401618
647,40,11.856750000333705,26.712400000178604,2.252927657193311
647,45,11.682750000545639,31.92475000014383,2.732640003308536
647,50,12.62410000026648,37.46849999970436,2.9680135612767202
647,55,14.522650000344584,39.201649999995425,2.69934550506039
647,60,15.567599999940285,41.55284999978903,2.6691879287718354
647,65,16.86889999973573,46.62594999990688,2.7640184007633763
647,70,19.571199999973032,51.28030000014405,2.620191914661069
647,75,20.138999999744556,54.06210000046485,2.6844480858607964
647,80,23.258249999798863,59.454100000039034,2.556258531942566
647,85,23.452200000065204,63.24420000009923,2.6967278123128486
647,90,25.026099999649887,66.16219999978057,2.6437279480504823
647,95,28.798649999771442,103.94690000021,3.6094365534854917
647,100,31.50920000007318,85.59465000007549,2.7164970865612803
657,0,0.7950500003062189,1.4553999999407097,1.830576692510097
657,5,1.9723999998859651,4.160699999829376,2.1094605557036745
657,10,9.020800000143936,7.455850000042119,0.8265176037516798
657,15,4.681249999975989,10.285349999776372,2.197137516652417
657,20,8.282800000415591,14.879450000080396,1.7964275365014026
657,25,7.0833999998285435,18.601899999794114,2.6261258717910017
657,30,9.838000000399916,22.654049999800918,2.3027088838056544
657,35,10.134199999811244,26.0622499999954,2.5717126167315456
657,40,14.679400000204623,30.465100000128587,2.075364115679382
657,45,13.501750000159518,36.663400000179536,2.7154554039103354
657,50,16.271050000341347,38.544399999864254,2.3688944474422757
657,55,17.438849999962258,40.73540000035791,2.335899442936092
657,60,18.649249999725726,47.42709999982253,2.5431103127750467
657,65,20.0926000002255,52.42965000024924,2.609400973475848
657,70,22.68534999984695,55.05630000061501,2.42695395931676
657,75,23.34054999982982,63.81550000014613,2.7341043805999186
657,80,24.43444999971689,65.46105000052194,2.679047410573203
657,85,26.69210000021849,71.74440000017057,2.687851461652823
657,90,28.682199999366276,74.56300000012561,2.5996262490943183
657,95,30.246100000113074,80.49290000008114,2.6612654193360537
657,100,30.07835000016712,76.17660000005344,2.5326056781582165
667,0,0.7620500000484753,2.8167000004941656,3.6962141595892533
667,5,1.9388000000617467,3.9815499999349413,2.053615638440343
667,10,3.160350000598555,6.936299999779294,2.1947885514153787
667,15,4.386050000448449,9.694750000107888,2.210360118812292
667,20,5.6267000004481815,13.376800000514777,2.3773792808305543
667,25,6.978750000143918,17.254999999749998,2.472505821156247
667,30,12.059950000093522,19.485549999899376,1.6157239457666301
667,35,9.548450000238518,24.635850000322534,2.580088914924112
667,40,11.119499999949769,27.841750000334287,2.5038670803957066
667,45,14.697650000016438,31.19665000031091,2.122560409335916
667,50,14.591449999898032,41.68694999998479,2.856943621112097
667,55,18.535500000325555,45.588149999730376,2.4595047341010314
667,60,16.825900000185356,45.09060000009413,2.6798328766721187
667,65,17.13915000027555,50.02074999993056,2.9185082106829316
667,70,20.762000000559055,53.02540000002409,2.5539639725747176
667,75,21.454950000133977,57.953700000325625,2.701180846376418
667,80,23.213050000322255,62.053199999809294,2.673203219695294
667,85,24.478049999743234,66.49525000011636,2.7165256219680027
667,90,26.1046499999793,71.98195000000851,2.75743785111333
667,95,28.003699999771925,71.36734999994587,2.548497162893729
667,100,29.19354999994539,78.71550000027128,2.6963318952446182
677,0,0.7917499997347477,1.5833499996915634,1.9998105465387026
677,5,2.0169499998701212,4.581650000091031,2.2715734154966953
677,10,3.1957499995769467,7.117749999906664,2.2272549482434205
677,15,4.554000000098313,9.612849999484752,2.1108585856998743
677,20,5.680650000158494,13.320799999746669,2.3449429201543857
677,25,6.796799999847281,16.021899999941525,2.357271068782593
677,30,8.433200000581564,20.753400000103284,2.4609163779670946
677,35,9.72224999941318,25.932000000011612,2.667283807922737
677,40,10.881049999625247,30.294900000171765,2.7841890259869357
677,45,13.230449999809935,33.64865000003192,2.5432732825047757
677,50,14.228449999791337,39.69425000013871,2.7897803345213874
677,55,15.681299999869225,41.65245000012874,2.656186030525282
677,60,17.57529999986218,46.91649999949732,2.669456566878814
677,65,18.915950000064186,46.202550000089104,2.442518086584725
677,70,20.713049999812938,57.97645000029661,2.799030080109892
677,75,20.432049999726587,59.03000000034808,2.8890884664601937
677,80,25.43934999994235,66.48139999970226,2.6133293499972647
677,85,26.68425000001662,67.8290000000743,2.5419114271539227
677,90,27.271949999885692,75.86740000033387,2.7818839503831545
677,95,28.966749999653985,80.72814999968614,2.786924663645402
677,100,29.170150000027206,82.49979999982315,2.82822680033343
687,0,0.8202000003620924,1.5411499998663203,1.878992927561511
687,5,2.274049999869021,4.705499999545282,2.0692157163722458
687,10,3.3529500001350243,7.531249999829015,2.2461563696224904
687,15,11.455049999767652,11.464350000551349,1.0008118690694396
687,20,5.909299999984796,14.19320000013613,2.40184116564951
687,25,7.665650000490132,20.08010000008653,2.619490845368969
687,30,8.671899999626476,21.879700000226876,2.523057230960839
687,35,10.208950000105688,25.678900000002614,2.5153321350125895
687,40,11.396749999676103,29.16610000011133,2.5591594095632733
687,45,16.638699999930395,33.75069999992775,2.0284457319423352
687,50,14.977549999912299,40.38205000006201,2.6961719373528026
687,55,15.39039999988745,43.52694999988671,2.828188351193278
687,60,17.988149999837333,47.400000000379805,2.635068086535216
687,65,20.530799999960436,50.85404999954335,2.476963878642885
687,70,21.73720000018875,54.63765000013154,2.5135551036774335
687,75,24.20799999981682,61.19249999983367,2.5277800727154953
687,80,28.044199999840203,61.798750000434666,2.2036196433054536
687,85,26.35584999961793,72.04030000002604,2.7333703902955273
687,90,27.864550000231247,75.05034999940108,2.693398960283882
687,95,29.21955000010712,80.03989999951955,2.7392584758911798
687,100,31.730749999951513,85.99645000003875,2.7101927940616015
697,0,0.8066999994298385,1.6014000002542161,1.9851245833470408
697,5,2.144449999832432,4.725400000097579,2.2035486956873904
697,10,3.4091500001522945,7.781799999975192,2.28262176778011
697,15,4.712349999863363,10.525599999709812,2.233620168284403
697,20,6.033199999819772,13.748549999490933,2.2788155539185904
697,25,7.394950000161771,18.448799999987386,2.494783602266926
697,30,10.661699999673147,23.129850000259466,2.1694335801015368
697,35,11.152849999689352,26.36674999985189,2.36412665826101
697,40,12.09789999984423,30.126950000067154,2.4902627729155524
697,45,13.05350000029648,36.01130000060948,2.758746696272384
697,50,14.610700000048382,38.587299999562674,2.641030203852991
697,55,17.51349999995,43.7990999998874,2.5008764667263796
697,60,17.05579999998008,49.36665000013818,2.894420079984277
697,65,19.816749999790773,53.177949999735574,2.68348493069232
697,70,22.48059999965335,60.3953999998339,2.686556408670818
697,75,28.410499999608874,63.346399999772984,2.2296826877613936
697,80,25.29945000060252,69.1641499997786,2.7338203003674555
697,85,29.453149999881134,78.2712499999434,2.6574831554607665
697,90,29.09440000030372,77.76259999991453,2.672768642732029
697,95,30.37910000057309,85.48925000013696,2.814081062260707
697,100,33.15835000012157,89.6746999997049,2.7044379469839757
707,0,0.8337499998560816,1.6233000001193432,1.9469865072258477
707,5,2.3450999997294275,7.53420000000915,3.212741461293092
707,10,3.506299999571638,8.119650000026013,2.315731683260983
707,15,4.923699999835662,11.488999999983207,2.3334078031493943
707,20,6.209199999830162,15.881749999607564,2.5577771693683524
707,25,7.578150000426831,17.63100000016493,2.3265572731038424
707,30,9.581400000115536,23.470300000099087,2.4495689565007277
707,35,11.029100000541803,27.393999999731022,2.4837928750655354
707,40,12.436199999683595,31.93890000011379,2.5682201959542614
707,45,14.750699999694916,38.01105000047755,2.576898045602156
707,50,16.551950000120996,43.6830500002543,2.6391482574521414
707,55,18.595599999571277,48.0298499996934,2.5828609994192564
707,60,17.591450000054465,51.460949999636796,2.9253387298646483
707,65,20.71109999997134,56.27115000061167,2.716956125009755
707,70,22.527949999584962,61.52424999982031,2.731018579185136
707,75,25.00625000038781,65.97735000059402,2.638434391384986
707,80,25.29919999960839,70.9737000001951,2.8053732924872605
707,85,30.251399999997375,76.29115000008824,2.5219047713525606
707,90,31.769549999808078,80.08579999977883,2.5208352022695517
707,95,33.49729999990814,93.0349500004013,2.7773865356508267
707,100,36.622650000026624,106.13984999963577,2.8982023419812224
717,0,0.8279999997284904,1.557649999995192,1.8812198073743494
717,5,2.970000000004802,5.101699999613629,1.7177441076112392
717,10,3.5779999998339918,7.718899999417772,2.1573225264885147
717,15,4.872799999702693,11.446699999851262,2.3491011329317164
717,20,12.589999999818247,29.390999999577616,2.3344718030184204
717,25,16.376900000068417,31.965499999841995,1.951865127081954
717,30,22.047850000035396,40.41360000019267,1.832995053945296
717,35,21.798400000079713,47.00195000032181,2.156211006319268
717,40,29.385350000211474,55.3050000003168,1.88206027833321
717,45,31.446349999896483,66.52095000026748,2.115379050366305
717,50,36.344350000035774,72.21200000003591,1.9868837934910057
717,55,39.02070000003732,80.70609999958833,2.068289395103397
717,60,43.32395000028555,89.38324999962788,2.063137133133954
717,65,47.700849999728234,97.680599999876,2.0477748300173375
717,70,63.99164999993445,105.07905000031315,1.6420743956503823
717,75,58.62234999995053,116.62649999971109,1.989454533975685
717,80,60.33194999963598,122.89999999984502,2.037063280742402
717,85,68.00025000029564,137.16925000017,2.0171874368046243
717,90,72.99234999982218,152.27284999991753,2.0861480689454233
717,95,33.869899999899644,140.26280000007318,4.141222737607397
717,100,34.62214999990465,96.14604999978837,2.77700980441865
727,0,0.8405000003222085,1.6291000001729117,1.9382510405096856
727,5,2.351800000269577,4.651249999824358,1.977740453818864
727,10,3.633549999904062,9.5856999996613,2.6381087366114113
727,15,10.604749999401974,11.324049999984709,1.0678280959591973
727,20,6.744100000105391,15.288549999695533,2.2669518541327407
727,25,8.028549999835377,20.67334999992454,2.574979292692758
727,30,10.798800000429765,22.97939999971277,2.127958661962278
727,35,11.070649999965099,28.990750000502885,2.618703508881076
727,40,12.652800000068964,36.180049999984476,2.8594500821784328
727,45,14.651950000370562,39.0314500000386,2.6639082169302695
727,50,16.89784999962285,41.880700000092475,2.478463236508031
727,55,18.163299999741866,49.780400000145164,2.740713416661765
727,60,18.813499999851047,54.40980000003037,2.892061551569945
727,65,24.181249999855936,61.280899999928806,2.534232101330324
727,70,22.794949999479286,66.29340000017692,2.9082494149665292
727,75,25.513649999538757,70.10005000029196,2.747550820896236
727,80,28.821599999901082,74.86950000020443,2.5976871513191977
727,85,30.04869999949733,81.7383499997959,2.720195882056903
727,90,32.39734999988286,84.78920000015933,2.6171646755202476
727,95,34.34155000013561,94.35639999992418,2.747587106567746
727,100,35.34795000041413,101.17935000016587,2.862382401213662
737,0,0.8466499998576182,1.6658499998811749,1.967578102121682
737,5,3.272249999554333,4.981199999747332,1.5222553290322411
737,10,3.7840999998479674,9.096450000015466,2.403860891726152
737,15,5.5179500004669535,12.15840000031676,2.20342699721597
737,20,6.827749999956723,22.772799999984272,3.335330086797059
737,25,10.125249999418884,20.20310000034442,1.9953186342563327
737,30,10.135549999631621,24.787999999716703,2.445649224819337
737,35,11.699649999627582,30.06904999983817,2.5700811563418835
737,40,19.30460000039602,35.48099999989063,1.8379557203548769
737,45,14.90220000005138,42.41675000048417,2.846341479804185
737,50,18.154950000280223,46.592900000177906,2.5664020005265087
737,55,18.797100000483624,51.520549999622745,2.740877582089641
737,60,20.34925000043586,57.62284999991607,2.831694042713213
737,65,20.548499999677006,62.505400000191,3.041847336845682
737,70,24.799650000204565,67.54105000027266,2.72346787151091
737,75,24.848349999956554,72.96379999979763,2.936363983923488
737,80,28.744449999976496,75.63960000061343,2.6314505930945025
737,85,30.824000000393426,83.65309999999226,2.7138950168350813
737,90,31.22979999989184,90.6552999995256,2.9028459996490397
737,95,34.76520000003802,97.46844999972382,2.803621149874507
737,100,36.9660000001204,102.36135000013746,2.7690675215009484
747,0,0.8565500002077897,1.6583000001446635,1.9360224152032899
747,5,2.3743499996271566,5.150400000275113,2.1691831453171933
747,10,9.183950000078767,9.212100000240753,1.0030651299453661
747,15,5.312950000188721,13.101250000090658,2.4659087700101243
747,20,7.564699999875302,16.431899999588495,2.1721813158300214
747,25,8.702050000010786,21.49650000001202,2.470279991494576
747,30,10.166700000354467,24.90764999993189,2.4499247542529505
747,35,11.551400000371359,30.30224999974962,2.6232534583492435
747,40,13.976050000110263,37.070950000270386,2.652462605670266
747,45,14.831699999831471,41.36519999974553,2.788972268871104
747,50,17.082200000004377,46.90759999948568,2.745992904864342
747,55,25.795150000249123,53.6517499999718,2.0799161857734356
747,60,22.82150000019101,55.645949999870936,2.438312556116171
747,65,23.141650000070513,67.63894999994591,2.922823134899189
747,70,26.3399000004938,69.10969999989902,2.62376470672263
747,75,27.213050000227668,81.05459999933373,2.978519497030124
747,80,29.9606000003223,82.72679999981847,2.761186358047854
747,85,30.453450000095472,90.83229999987452,2.982660421055406
747,90,35.57195000030333,95.84320000021762,2.6943476531199537
747,95,36.127700000179175,104.1282000001047,2.8822261035047423
747,100,37.5325499999235,106.29305000020396,2.8320231372614066
758,0,0.8614999997007544,1.6375500003960042,1.900812537393864
758,5,2.5434999997742125,5.217049999828305,2.0511303323339587
758,10,3.953700000238314,9.109050000006391,2.303930495347986
758,15,5.4869000000508095,13.080349999654572,2.3839235268609684
758,20,7.132849999834434,18.566400000054273,2.6029427228226067
758,25,8.666549999816198,22.584100000131002,2.6058927717038465
758,30,11.722850000296603,26.464199999736593,2.257488579915892
758,35,12.068800000179182,33.20149999990463,2.7510191567854045
758,40,16.11285000035423,37.84174999964307,2.3485447949190337
758,45,15.942600000016682,44.652700000369805,2.8008417698695998
758,50,17.910699999902135,48.086899999816524,2.684814105539106
758,55,18.73390000037034,52.64924999983123,2.8103731737006408
758,60,21.770199999991746,60.077849999743194,2.7596370267506027
758,65,30.418500000450873,65.48974999986967,2.1529579038709654
758,70,26.529750000463537,73.26794999971753,2.7617278714815394
758,75,29.012099999363272,78.92730000003212,2.7204959310689105
758,80,35.1024999999936,86.01744999987204,2.4504650665875003
758,85,32.49714999992648,92.94729999965057,2.8601677377819548
758,90,37.70310000027166,95.96325000075012,2.545235007202556
758,95,37.64129999990473,104.77155000035054,2.7834200731806744
758,100,38.565299999390845,119.60289999979068,3.1013086894612476
768,0,0.8832500002426968,1.7367499999636493,1.9663175765484633
768,5,2.424549999886949,5.135249999966618,2.118021901056304
768,10,4.020899999886751,9.7355000002608,2.4212241041893607
768,15,5.529249999653985,14.192199999797595,2.5667495592866536
768,20,7.915000000139116,21.0359999996399,2.6577384711648975
768,25,10.439050000059067,36.3641999997526,3.4834779026393052
768,30,11.420799999996234,31.20429999989938,2.7322341692271706
768,35,18.816399999650457,34.515399999691,1.8343253757537135
768,40,14.799800000218966,41.312700000162295,2.791436370731433
768,45,16.823249999561085,44.75804999992761,2.6604877179555277
768,50,18.515649999699235,46.225349999986065,2.4965556165047915
768,55,20.78399999982139,56.4515000000938,2.716103733669117
768,60,21.682000000055268,61.86795000030543,2.853424499591722
768,65,26.46995000031893,69.21710000005987,2.6149312710914034
768,70,26.279950000116514,75.36490000029517,2.86777181843805
768,75,29.45860000045286,81.28684999974212,2.759358896841415
768,80,31.418850000136445,85.55084999989049,2.7229147470234896
768,85,33.796849999816914,92.89985000032175,2.748772444793672
768,90,34.8229999999603,100.95230000024458,2.899012147154457
768,95,38.59645000011369,106.5888499997527,2.761623154446555
768,100,40.87595000009969,115.14755000007426,2.8169999718610437
778,0,1.658650000081252,1.9652000000860426,1.1848189792842212
778,5,2.5611000000935746,5.479800000102841,2.1396275037689376
778,10,6.081750000248576,9.040949999871373,1.4865704771655934
778,15,6.7478499995559105,13.162149999971007,1.9505694407607215
778,20,7.474050000382704,18.413199999940844,2.4636174495752647
778,25,9.637449999900127,24.307000000135304,2.5221401927260008
778,30,11.35210000029474,29.25264999976207,2.5768492172375654
778,35,12.25639999984196,34.36245000011695,2.8036332039228515
778,40,15.372549999938201,41.30834999978106,2.6871501474997395
778,45,19.640650000383175,49.13375000023734,2.5016356382950042
778,50,21.593400000256224,53.71134999995775,2.487396611896247
778,55,23.927849999836326,60.450200000104815,2.5263531826101513
778,60,23.022000000310072,68.48280000031082,2.974667709121208
778,65,26.184849999935977,73.57599999977538,2.809869065507546
778,70,28.63259999958245,79.93514999998297,2.7917531066388896
778,75,30.751799999961804,89.83595000017885,2.92132330466153
778,80,33.601249999719585,94.15210000042862,2.8020415907507714
778,85,35.21934999980658,99.43640000028608,2.8233456892541224
778,90,36.23694999987492,108.04134999989401,2.981524383268099
778,95,37.999249999302265,108.59070000014981,2.8577064021564564
778,100,54.81790000021647,129.92379999968762,2.370098088383075
788,0,0.8829500002320856,1.7950999999811756,2.033070954764516
788,5,2.704349999930855,5.388749999383435,1.9926229961067226
788,10,10.266900000260648,21.814100000028702,2.1247017112735977
788,15,5.792050000309246,19.066800000018702,3.2918914717588246
788,20,11.67280000026949,19.76094999963607,1.6929057294890555
788,25,9.478649999891786,23.878850000073726,2.5192247841566404
788,30,12.468450000142184,30.408750000333384,2.4388556717143364
788,35,13.2242499998938,43.743849999827944,3.307851106881618
788,40,16.798600000129227,43.27115000023696,2.575878346999398
788,45,20.898099999612896,87.44470000010551,4.184337332184518
788,50,21.086550000291027,59.523600000375154,2.8228230791454094
788,55,22.175050000441843,61.21214999984659,2.760406402629393
788,60,24.22294999996666,66.10615000045073,2.7290709843574676
788,65,26.6625499998554,71.13574999993943,2.668002497897809
788,70,28.784950000044773,79.22959999996237,2.7524661324698894
788,75,31.48970000029294,86.12334999997984,2.7349688945648465
788,80,34.54714999952557,92.22445000023072,2.6695241141887887
788,85,35.93849999970189,100.36919999993188,2.792804374160425
788,90,38.45969999974841,106.81294999949387,2.7772694534848843
788,95,40.72940000014569,114.61759999974674,2.8141244408053336
788,100,43.536650000078225,120.45804999979737,2.7668194498102388
798,0,0.9046000000125787,1.745649999975285,1.9297479548430372
798,5,2.658849999988888,5.5931499996404455,2.103597419810753
798,10,4.344200000105047,10.030649999862362,2.3089751852170273
798,15,6.987350000144943,13.963650000277994,1.9984185707011008
798,20,7.7978500003155204,19.77214999988064,2.5355899381343074
798,25,10.123399999883986,26.244000000133383,2.5924096647800283
798,30,11.668200000258366,31.29014999967694,2.6816604102590023
798,35,13.467600000240054,37.857899999835354,2.8110353737236444
798,40,15.98229999990508,43.702099999791244,2.7344061868473744
798,45,18.267549999563926,52.20049999979892,2.8575534212877494
798,50,19.543049999811046,59.37109999968016,3.0379649031371354
798,55,25.44659999966825,71.44135000044116,2.807500805662546
798,60,26.85414999996283,73.9794000000984,2.754859118616705
798,65,27.54194999988613,89.42415000046822,3.2468343745028196
798,70,30.041949999940698,82.63884999996662,2.750781823421241
798,75,31.397149999975227,93.8154499999655,2.9880243907501005
798,80,34.43669999978738,98.06814999956258,2.847780129924414
798,85,37.537000000156695,104.4466499997725,2.782498601362296
798,90,40.69585000024745,109.06315000011091,2.679957538654378
798,95,42.09519999994882,117.60084999968967,2.7936878788990827
798,100,43.59764999981053,134.0221499999643,3.0740682124047227
808,0,1.015100000131497,1.7496000000392087,1.7235740319304147
808,5,5.9765999999399355,5.976450000162004,0.9999749021554172
808,10,4.775800000061281,9.454349999941769,1.9796369194313947
808,15,6.189200000335404,15.674900000249181,2.5326213403024185
808,20,8.802750000086235,20.14180000014676,2.288125869750867
808,25,11.455500000010943,26.508800000101473,2.314067478510423
808,30,12.37550000041665,32.674000000042724,2.640216556821355
808,35,14.234200000373676,38.65055000005668,2.715329979840246
808,40,16.62335000037274,44.863900000109425,2.6988483066953086
808,45,18.094399999881716,52.19439999973474,2.8845609691438203
808,50,21.225850000064383,57.74104999954943,2.7203174430882293
808,55,23.836999999730324,64.83385000001363,2.719882955101192
808,60,26.04425000026822,70.87024999964342,2.721147662110199
808,65,27.53634999953647,78.85804999978063,2.863780058036308
808,70,31.822749999719235,85.78255000020363,2.6956359837210946
808,75,34.700050000537885,90.11005000002115,2.596827670237488
808,80,34.53260000060254,100.45910000053482,2.909109073709537
808,85,37.955199999942124,105.1216500004557,2.7696244520017284
808,90,40.93565000039234,113.02365000028658,2.7610078256776993
808,95,42.52600000017992,119.16999999994005,2.8022856605238173
808,100,45.88414999989254,126.45874999952866,2.756044298517567
818,0,0.9387999998580199,1.8124499997611565,1.9306028973532847
818,5,2.8162499997961277,5.85445000024265,2.0788104751589747
818,10,4.617900000084774,10.846749999927852,2.3488490438789777
818,15,6.398800000170013,14.824699999735458,2.316793773729695
818,20,8.532500000001164,20.737849999932223,2.4304541459044118
818,25,10.057100000267383,26.996199999757664,2.6842926886517913
818,30,11.764599999878556,32.50724999952581,2.7631411182582815
818,35,14.564300000074581,38.29215000041586,2.629178882625308
818,40,17.689700000119046,44.901050000135,2.5382595521593263
818,45,17.80934999942474,51.32309999999052,2.881806466920371
818,50,21.692650000204594,59.000299999752315,2.7198290664900715
818,55,24.197650000132853,64.92570000045816,2.6831407182144424
818,60,27.224100000694307,71.84454999969603,2.639005513418763
818,65,29.228649999822665,81.61139999992884,2.7921713798079617
818,70,31.2068499997622,88.94855000016832,2.8502892794641603
818,75,36.09069999993153,95.50130000025092,2.6461470683703032
818,80,35.35349999992832,103.15885000045455,2.9179246750863057
818,85,38.34599999981947,108.72465000011289,2.8353583163987053
818,90,41.753950000384066,117.22279999958118,2.8074661199360285
818,95,42.7593499998693,122.96530000048733,2.875752320857618
818,100,44.456999999965774,130.6704499997977,2.939254785520802
828,0,1.1526999996931409,4.754200000206765,4.124403575494384
828,5,2.7537999994819984,5.876000000171189,2.1337787788788183
828,10,4.589750000377535,10.058700000172394,2.19155727421864
828,15,12.746650000281079,15.466750000086904,1.2133972455308526
828,20,8.768700000018725,20.404750000125205,2.3269983007836545
828,25,10.413699999844539,27.016900000035093,2.594361274132961
828,30,12.122849999741447,32.68855000033,2.6964410184921177
828,35,18.15260000012131,38.77169999987018,2.135875852473534
828,40,17.80125000004773,46.02564999959213,2.5855291060722547
828,45,19.633149999663146,51.24165000006542,2.609955610839045
828,50,22.272549999797775,55.557799999860435,2.4944516905502456
828,55,24.889549999898005,68.30640000043786,2.7443806738457615
828,60,26.84980000003634,73.09600000007777,2.7224038912758695
828,65,29.315999999653286,81.43944999937958,2.7779864238075707
828,70,33.347499999763386,89.89280000014332,2.695638353723102
828,75,36.22285000028569,95.05790000048364,2.6242523710788612
828,80,37.090850000367936,105.83710000037172,2.8534557714186066
828,85,38.8854499997251,115.01025000006848,2.957667970947528
828,90,41.165100000398525,122.14165000023058,2.967116562307589
828,95,45.480700000098295,126.70234999995954,2.7858487226380797
828,100,49.28220000010697,144.9712499997986,2.941655404983624
838,0,1.040499999817257,1.9042499998249693,1.8301297454679604
838,5,2.8023499999108026,6.263350000153878,2.2350348815648426
838,10,4.708499999651394,11.579800000617979,2.4593394927206793
838,15,6.5702000001692795,16.568699999879755,2.5217953790528242
838,20,8.869800000411487,22.78070000011212,2.568344269211851
838,25,11.050749999867548,29.882199999974546,2.7040879578610237
838,30,13.425699999970675,37.57934999975988,2.7990607565968224
838,35,15.821349999896483,43.13400000046386,2.726316022384062
838,40,19.341650000114896,50.633799999559415,2.617863522463628
838,45,21.647550000125193,57.84129999983634,2.671955948802605
838,50,28.116850000060367,66.93729999960851,2.380682757829017
838,55,25.595550000161893,76.93000000017491,3.00560058290165
838,60,26.7852000001767,81.69279999992796,3.049923091833887
838,65,32.06550000004427,86.64665000014793,2.7021767943748984
838,70,40.090499999678286,98.48610000017288,2.456594455069485
838,75,39.45800000019517,127.89334999979474,3.2412527243946005
838,80,42.3616499997479,124.15399999963483,2.9308112408363156
838,85,43.02419999976337,131.92509999998947,3.06629989635403
838,90,48.14064999936818,134.1845500001,2.7873439598730196
838,95,47.286500000154774,145.4690999999002,3.0763346832483704
838,100,48.81095000018831,140.750449999814,2.883583499179405
848,0,1.0220500003015331,1.9033500002478831,1.8622865805844548
848,5,2.88284999987809,10.073500000089552,3.4942851693690415
848,10,5.0822499997593695,10.239199999432458,2.014698214357274
848,15,11.782250000578642,15.883550000125979,1.3480914086312814
848,20,9.294450000197685,22.97869999983959,2.472303363765565
848,25,11.552750000191736,29.161649999878136,2.524217177675805
848,30,16.573349999816855,35.47505000005913,2.1404875900437235
848,35,15.76999999997497,40.535450000334095,2.570415345618163
848,40,23.561050000353134,50.555050000184565,2.1457044571199857
848,45,25.776249999580614,58.19419999988895,2.2576674264423953
848,50,23.4063499997319,65.86870000001,2.814138043768655
848,55,24.69580000024507,72.62184999990495,2.9406559009703788
848,60,28.51379999992787,82.06805000008899,2.8781870532968807
848,65,32.444950000353856,85.98760000040784,2.650261442827621
848,70,32.72740000011254,93.83705000027476,2.8672320440961423
848,75,37.27160000016738,103.8427500002399,2.786109262810654
848,80,39.39419999960592,110.32150000028196,2.8004503201330544
848,85,41.951700000026904,121.08779999971375,2.886362173633872
848,90,48.247449999962555,125.07640000012542,2.5923940021746743
848,95,47.076949999791395,132.3755000003075,2.8118962677253747
848,100,54.06894999987344,142.50970000011876,2.635703116122143
858,0,1.0120000001734295,1.888750000489381,1.8663537551044467
858,5,3.7635499998032174,9.093749999919964,2.4162692140121544
858,10,4.9708000001373875,10.73965000023236,2.160547597959187
858,15,16.286099999888393,15.657099999771162,0.9613781077040212
858,20,9.580649999861635,22.607000000334665,2.3596520069787705
858,25,11.252399999648333,28.916100000060396,2.5697717821055153
858,30,18.980150000516005,34.17635000005248,1.8006364543548572
858,35,16.41505000043253,45.16945000023043,2.7517095591570073
858,40,18.849450000288925,55.445399999825895,2.9414863563115117
858,45,21.87350000031074,58.991299999888724,2.6969300751617564
858,50,24.250999999821943,69.17824999982258,2.852593707489609
858,55,28.9646500004892,73.09154999984457,2.5234743039743304
858,60,32.51025000008667,84.60194999997839,2.602316192577813
858,65,32.96234999970693,91.68730000010328,2.7815765563110175
858,70,35.89944999976069,98.41820000019652,2.7414960396566683
858,75,36.46500000013475,110.38609999968685,3.027179487159713
858,80,39.64574999963588,115.6940000000759,2.918194257925212
858,85,42.168250000486296,124.20019999990473,2.9453486924041763
858,90,46.756599999753234,132.22680000035325,2.8279815042379277
858,95,48.11169999948106,147.71235000034721,3.0701960230451317
858,100,51.86200000025565,148.66629999960423,2.8665747560616905
868,0,1.0446999999658146,2.0062999997207953,1.920455632991717
868,5,3.089449999606586,6.858449999981531,2.2199582452717777
868,10,5.055699999957142,11.822599999959493,2.338469450335209
868,15,7.352000000082626,16.620749999674445,2.2607113709858067
868,20,9.07909999932599,24.30804999994507,2.677363395242881
868,25,11.452950000148121,28.707399999802874,2.506550713958552
868,30,14.510400000290247,37.966949999372446,2.616533658521681
868,35,17.885999999634805,45.86010000048191,2.5640221403006973
868,40,18.987049999395822,49.928450000152225,2.629605441695312
868,45,22.24434999970981,66.67175000029602,2.997244244096401
868,50,25.1980499997444,69.46285000003627,2.7566756158012575
868,55,28.235900000254333,79.4918499996129,2.8152759429979874
868,60,30.855500000143365,82.75305000006483,2.6819545947944556
868,65,31.688100000337727,93.05079999967347,2.9364587967938043
868,70,36.646050000399555,101.86634999990929,2.7797361516124828
868,75,40.50670000060563,110.18834999958926,2.7202499832852785
868,80,42.043550000016694,118.49195000013424,2.818314580954443
868,85,45.42049999963638,124.83800000018164,2.7484946224982343
868,90,48.33890000008978,133.10534999982337,2.7535866558729336
868,95,51.29919999990307,147.14655000034327,2.8683985325428334
868,100,52.55024999996749,159.46050000047762,3.034438466050614
879,0,0.9946999998646788,1.9766999998864776,1.9872323315124079
879,5,3.111350000381208,6.878249999772379,2.210696321188437
879,10,11.280600000191043,12.368600000172592,1.096448770452203
879,15,7.415799999762385,16.14225000002989,2.1767375064790198
879,20,9.615349999876344,26.149149999582733,2.719521390268583
879,25,11.680949999572476,31.923099999403348,2.7329198396167893
879,30,14.337900000555237,36.82649999973364,2.5684723703127745
879,35,16.77514999983032,46.25049999958719,2.7570841393403347
879,40,19.54879999948389,53.32730000009178,2.7279065723471354
879,45,22.639499999968393,59.25404999970851,2.6172861591374033
879,50,25.55530000017825,70.30624999970314,2.7511416418203956
879,55,27.771100000336446,77.68114999998943,2.7971938453661656
879,60,29.83379999977842,85.87089999991804,2.878309166132233
879,65,34.372150000308466,98.04315000019415,2.852400853578094
879,70,36.89494999980525,103.03344999965702,2.7926166047169296
879,75,40.10275000018737,111.18960000021616,2.7726178379212563
879,80,43.12355000001844,117.88174999992407,2.733581766804302
879,85,46.35955000003378,130.83719999985988,2.82222756691479
879,90,49.525099999755184,140.7712499999434,2.842422327277265
879,95,51.82269999977507,145.6862000000001,2.8112429495304654
879,100,52.91865000026519,157.93685000016922,2.9845215250082484
889,0,1.0880499999075255,2.0045999999638298,1.8423785672847781
889,5,3.144649999740068,7.0082500001262815,2.228626397438689
889,10,5.2560999997695035,12.336950000189972,2.3471680524972864
889,15,7.285800000317977,18.348999999489024,2.5184605669505356
889,20,9.683650000170019,25.296849999904225,2.612325930765784
889,25,12.577949999922566,30.281350000223025,2.4074948620728693
889,30,15.412950000154524,39.32299999996758,2.551296150287475
889,35,17.033850000188977,49.249199999849225,2.891254766203932
889,40,19.774349999806873,50.645450000047276,2.5611688880060233
889,45,23.243799999818293,65.41814999991402,2.814434386822526
889,50,26.074099999732425,69.87584999978935,2.679894991601107
889,55,29.14364999969621,79.85880000023826,2.740178392242245
889,60,31.595800000104646,86.97929999971166,2.7528753821528045
889,65,35.13859999975466,97.49384999986432,2.7745513481056454
889,70,36.13844999972571,106.85264999983701,2.9567579683314595
889,75,42.36530000025596,115.94225000044389,2.736726755144975
889,80,43.78760000008697,124.41254999976081,2.841273556886281
889,85,46.71519999965312,133.64754999975048,2.8609007346804223
889,90,49.57955000008951,143.4563499997239,2.8934580890602053
889,95,52.93234999953711,152.9013499998655,2.888618207980613
889,100,55.69569999943269,155.00139999994644,2.7830047921388053
899,0,1.0520000000724394,2.067700000225159,1.9654942966566347
899,5,3.7148000001252512,7.143550000364485,1.9229972004209182
899,10,5.403699999988021,13.037700000040786,2.412735718131963
899,15,8.945000000494474,17.707249999602936,1.9795695917969918
899,20,10.16475000005812,25.04555000041364,2.4639612386207665
899,25,12.197250000099302,30.592950000027486,2.50818422183512
899,30,14.962549999381736,41.53184999995574,2.7757200478308754
899,35,17.809399999805464,48.12114999958794,2.7020084899049706
899,40,19.42575000020952,55.267300000195974,2.845053601513449
899,45,23.046400000112044,64.96510000033595,2.8188827756187567
899,50,25.179649999699905,75.73389999970459,3.0077423634008893
899,55,31.36210000002393,82.35525000054622,2.6259481986373165
899,60,32.48539999958666,91.60444999997708,2.8198652318008284
899,65,35.25730000001204,98.81650000033915,2.8027245421602167
899,70,39.21470000022964,109.04669999990801,2.7807607861151413
899,75,41.99244999972507,120.7543499995154,2.8756204984540314
899,80,44.878199999857316,140.3395500001352,3.1271207401495915
899,85,46.63954999978159,141.40575000010358,3.031884956024785
899,90,51.08380000001489,144.93945000003805,2.837287946472185
899,95,53.21605000017371,155.24814999980663,2.9173181774915626
899,100,56.04940000011993,162.57660000019314,2.9005948324129296
909,0,1.0621499995977501,2.102850000028411,1.9798051130488044
909,5,3.241850000449631,7.536950000030629,2.324891651058897
909,10,5.537049999929877,13.345799999569863,2.4102726180437015
909,15,7.704549999743904,19.133700000111276,2.483428623442936
909,20,10.310000000117725,24.942750000263914,2.4192774005799325
909,25,13.203900000462454,32.85234999975728,2.4880792795012576
909,30,16.735650000555324,37.13739999966492,2.2190593134077625
909,35,17.892600000323,50.74605000027077,2.8361473457940543
909,40,19.907250000414933,60.13924999979281,3.020972258777044
909,45,24.37370000006922,66.35624999944412,2.7224528897646096
909,50,25.535799999943265,76.40235000008033,2.9919700968933842
909,55,29.82269999984055,83.62335000038001,2.804016738954793
909,60,34.06130000030316,89.34529999987717,2.6230736935784
909,65,38.36104999982126,105.41479999983494,2.7479644066136384
909,70,41.550049999841576,118.9396000004308,2.8625621389356763
909,75,43.65910000024087,118.92940000007002,2.724046075146164
909,80,45.93865000015285,129.16580000000977,2.811702128808313
909,85,47.33889999988605,139.09624999996595,2.938307607491952
909,90,51.59209999965242,149.27959999977247,2.8934584946295687
909,95,54.984500000045955,156.6923999998835,2.8497558402777607
909,100,58.15955000025497,167.37499999999272,2.877859268155599
919,0,1.1149500001010892,2.069050000045536,1.8557334408340653
919,5,3.3528500002830697,12.518099999851984,3.7335699475953663
919,10,6.211349999830418,13.156600000002072,2.1181546685279806
919,15,7.741649999843503,19.351599999936298,2.499673842181898
919,20,10.097050000240415,26.732799999990675,2.647585185708118
919,25,13.316999999915424,35.257649999948626,2.6475670196119654
919,30,15.5773000001318,42.37650000004578,2.720400839663307
919,35,18.81344999992507,53.12169999979233,2.82360226327462
919,40,22.56000000033964,59.81389999988096,2.6513253545647366
919,45,24.355600000035338,68.63494999970499,2.818035687874879
919,50,28.94190000006347,77.88699999991877,2.6911502009110655
919,55,31.28770000012082,88.83509999986927,2.839297871033225
919,60,34.963499999776104,97.03815000011674,2.7754129306487667
919,65,36.78110000009838,106.41075000012279,2.893082316728923
919,70,40.543650000017806,115.81159999968804,2.8564670423022394
919,75,44.55270000016753,121.28015000007508,2.722172842490332
919,80,46.56680000016422,136.446199999682,2.9301175944922306
919,85,51.117149999754474,143.38550000002215,2.8050370570485805
919,90,54.14120000023104,155.75465000028998,2.8768230109348396
919,95,56.2294500000462,160.8786499996313,2.8611101477873095
919,100,59.599949999665114,170.42715000025055,2.8595183385423675
929,0,1.0529000005590206,2.1277499999996508,2.0208471828948196
929,5,3.473400000075344,7.562550000329793,2.177275868073285
929,10,5.631050000374671,12.316599999849132,2.1872652523116694
929,15,8.463499999834312,18.3716500000628,2.170691794224902
929,20,10.649250000369648,26.547299999947427,2.492879780174748
929,25,14.447600000039529,37.820149999788555,2.6177462000391123
929,30,16.656699999657576,44.21680000041306,2.6545954481573215
929,35,23.293699999612727,52.19404999979815,2.240693835700894
929,40,26.594150000164518,61.40900000036709,2.309116854646123
929,45,26.223750000099244,67.76990000025762,2.584294770961481
929,50,29.661049999958777,82.08109999986846,2.7673025735765435
929,55,32.697250000182976,88.76909999980853,2.714879691696145
929,60,35.62400000009802,98.57894999959171,2.7672060969941743
929,65,36.05070000003252,108.8627499998438,3.019712515977376
929,70,40.37575000029392,119.70259999998234,2.9647152065066518
929,75,44.910149999850546,125.19539999993867,2.787686079880724
929,80,46.883600000001024,138.51230000000214,2.9543870351252703
929,85,52.13985000000321,145.66105000039897,2.7936607029055516
929,90,56.005049999839684,154.83064999989438,2.7645837295089923
929,95,57.62464999997974,167.68970000021,2.9100341607327587
929,100,60.71869999959745,176.31870000013805,2.9038615780856145
939,0,1.0710999999901105,2.0938499997100735,1.9548594899910428
939,5,3.4670999998525076,7.842550000077608,2.261991289668955
939,10,5.936549999660201,20.189900000332273,3.4009483625149137
939,15,9.14150000016889,19.352950000211422,2.117043154827312
939,20,11.006449999968027,27.9102999998031,2.535813091404057
939,25,17.896900000323512,36.35180000037508,2.0311785839848224
939,30,16.167550000318442,45.4231499998059,2.809525871199485
939,35,19.673750000038126,55.523700000321696,2.822222504617274
939,40,23.195899999791436,62.68474999978935,2.7024064597775026
939,45,26.29640000031941,73.09914999996181,2.7798158682965695
939,50,27.705149999746936,81.72139999987849,2.9496826402537053
939,55,32.49384999935501,92.61035000008633,2.8500885552781408
939,60,35.69085000026462,100.48720000031608,2.815489123951126
939,65,39.121249999425345,112.04870000028677,2.8641390549108903
939,70,43.27869999997347,124.77149999995163,2.882977076484001
939,75,45.362399999703484,130.2444499997364,2.871198393396023
939,80,48.9244499999586,141.28500000015265,2.8878198937396786
939,85,53.375250000044616,161.93100000009508,3.033821855634582
939,90,55.96869999999399,160.22244999976465,2.8627152319025075
939,95,59.247250000225904,182.00555000021268,3.0719662093940006
939,100,63.372099999469356,182.22884999977398,2.8755374999613372
949,0,1.135700000304496,2.1995000001879816,1.9366910272063635
949,5,3.5164500000064436,7.848749999993743,2.2320095550852024
949,10,6.290000000262808,15.302350000183653,2.4328060412630035
949,15,9.061150000434282,20.445350000045437,2.256374742617166
949,20,11.071200000515091,26.162899999690126,2.3631494326245472
949,25,15.27189999978873,36.82675000027302,2.411405915490704
949,30,16.820650000227033,46.144249999997555,2.7433095629107513
949,35,18.738750000466098,55.67430000019158,2.9710786471246355
949,40,23.22714999991149,65.28724999998303,2.810816221543832
949,45,27.949400000125024,72.39215000026888,2.5901146357326117
949,50,29.90254999986064,85.78730000044743,2.868895796540671
949,55,33.06034999968688,93.37260000029346,2.8243076676797982
949,60,36.93969999994806,105.75504999997065,2.8629103647327767
949,65,39.93864999983998,116.39414999990548,2.9143235938213192
949,70,44.03739999997924,124.75670000048922,2.8329715196752767
949,75,46.91235000018423,133.92955000017537,2.8548889578042753
949,80,50.70265000040308,142.6516999999876,2.8134959415110163
949,85,52.25774999962596,153.90174999993178,2.9450512125193558
949,90,56.601100000079896,160.71035000004485,2.8393502953090666
949,95,59.93884999998045,173.94389999981286,2.9020226447432607
949,100,62.689899999895715,182.9937500001506,2.9190308167735957
959,0,1.0830500000338361,2.140999999937776,1.9768247078813423
959,5,3.528650000134803,7.97214999965945,2.259263457513467
959,10,6.427950000670535,14.343700000154058,2.2314579296132964
959,15,8.548799999516632,20.972799999981362,2.453303387746492
959,20,11.593299999731244,29.10909999991418,2.5108554079156917
959,25,14.471599999978935,38.75990000005913,2.6783424085875476
959,30,17.431899999792222,45.74865000040518,2.6244213195894006
959,35,21.039650000147958,56.23055000023669,2.672599116422624
959,40,24.080549999780487,62.57320000031541,2.5984954662948234
959,45,27.574050000112038,76.48909999988973,2.773952321098241
959,50,32.322750000275846,85.83080000016707,2.6554299989770236
959,55,32.573299999967276,98.55670000024475,3.02568975204673
959,60,37.25810000014462,105.86184999965553,2.841311016912956
959,65,42.44699999981094,115.36835000015344,2.717938841394381
959,70,43.88410000001386,125.94475000014427,2.8699403656473415
959,75,48.17084999967847,146.82804999938526,3.048068489560913
959,80,51.239150000128575,156.81045000019367,3.0603639990085743
959,85,55.79515000044921,164.3003500003033,2.944706663553741
959,90,58.21630000036748,197.12889999982508,3.3861461480475525
959,95,62.30755000024146,185.60364999984813,2.9788308158341783
959,100,63.885499999742024,188.6899999999514,2.953565363043466
969,0,1.0995500001627079,2.1253499999147607,1.9329271061800357
969,5,3.7040000001979934,14.696749999984604,3.967805075377701
969,10,6.246749999718304,13.96755000041594,2.2359707049338944
969,15,8.574250000037864,21.70090000026903,2.53093856607554
969,20,11.976800000411458,30.039149999993242,2.508111515510091
969,25,14.108700000178942,40.40790000044581,2.864041336192088
969,30,18.09064999997645,47.67160000028525,2.635151307462546
969,35,20.97369999955845,57.990650000192545,2.764922259849879
969,40,35.827599999720405,69.92725000054634,1.9517704228330126
969,45,30.331799999657957,86.68500000021595,2.8578917176426546
969,50,31.497200000103476,88.3627000002889,2.8054144495383273
969,55,36.26970000004803,97.73539999969216,2.694684543835839
969,60,37.95695000053456,108.42025000010835,2.856400474710993
969,65,42.41174999970099,119.26519999997254,2.8120791997692476
969,70,44.816249999712454,130.07870000001276,2.902489610372295
969,75,48.63535000049524,138.7334999999439,2.8525239357490224
969,80,51.62034999966636,153.45299999989948,2.972722966831711
969,85,56.793950000155746,160.80254999997123,2.831332386627982
969,90,60.9997999999905,170.40115000054357,2.7934706343392945
969,95,63.85360000012952,193.8558000001649,3.0359415913867296
969,100,66.48540000014691,219.80170000006183,3.306014553564785
979,0,2.270599999519618,3.8958999998612853,1.7158019909651747
979,5,3.7281499999153316,8.336249999956635,2.2360285933092703
979,10,6.643400000029942,14.390250000360538,2.166097179199759
979,15,8.980150000297726,23.874300000443327,2.6585636097004843
979,20,11.695050000071204,30.619250000199827,2.6181375881260367
979,25,15.21435000040583,40.556650000326044,2.6656840416609473
979,30,18.24690000012197,50.45150000023568,2.764935413681143
979,35,22.053549999782263,59.820850000050996,2.7125270081525024
979,40,25.602400000025227,70.8068999997522,2.7656352529326327
979,45,28.771150000011403,78.82299999982934,2.739654132691884
979,50,30.821299999843177,92.06434999987323,2.9870365623884023
979,55,36.80945000041902,102.45144999998956,2.7832920621966184
979,60,39.467149999381945,116.38939999920694,2.9490196277417953
979,65,43.25710000011895,122.90875000053347,2.84135436726446
979,70,46.162050000475574,134.43115000018224,2.9121572806839664
979,75,50.30564999970011,143.9490000002479,2.8614877255557984
979,80,53.95880000014586,157.59864999972706,2.9207219211565314
979,85,58.30740000010337,163.68610000017725,2.8072954719278695
979,90,61.39279999933933,177.85834999995132,2.8970555179412782
979,95,65.72964999986652,193.2016000000658,2.9393371180351355
979,100,67.8198000005068,205.22015000051397,3.0259621821205664
989,0,1.1535500002537447,2.1918500001447683,1.900091023070201
989,5,3.708799999913026,8.488599999964208,2.2887726488792257
989,10,6.693450000057055,15.04015000000436,2.2469951967783666
989,15,9.580500000083703,22.35800000016752,2.333698658730983
989,20,13.543049999952927,32.29744999998729,2.3847988451714754
989,25,17.713800000365154,40.92605000005278,2.3104048820247
989,30,19.189099999948667,50.56659999991098,2.6351730930604482
989,35,23.340449999977864,60.74625000019296,2.6026169161370314
989,40,27.11040000031062,73.21330000013404,2.7005614081420855
989,45,29.479599999831407,82.16070000025866,2.787035780700163
989,50,35.694250000233296,93.43214999989868,2.6175686559960782
989,55,36.73704999982874,103.22244999997565,2.80976425707717
989,60,39.1352999999981,116.32810000037352,2.972459646415875
989,65,44.57710000042425,126.25570000000153,2.832299543909315
989,70,48.81014999955369,137.20169999987775,2.810925596441156
989,75,50.269749999642954,148.29230000032112,2.9499311216263138
989,80,53.77835000035702,158.99680000029548,2.9565206072562646
989,85,58.46944999984771,170.70699999976569,2.919593052443803
989,90,61.72359999982291,177.57849999952668,2.876995184986556
989,95,65.09985000047891,192.53129999970042,2.957476860519403
989,100,70.03984999983004,203.79864999995334,2.9097528050166854
1000,0,1.1570499996196304,2.1729499999310065,1.8780087296532941
1000,5,3.896800000347867,8.64300000057483,2.217973721977846
1000,10,6.650900000295223,15.32175000056668,2.3037107759681503
1000,15,9.974349999993137,23.150449999775446,2.320998360774524
1000,20,12.871850000010454,32.49409999989439,2.5244312200552366
1000,25,18.900099999882514,39.17025000009744,2.0724890344675915
1000,30,19.087849999777973,53.45260000012786,2.8003468175174056
1000,35,21.57649999981004,62.59635000014896,2.9011354946678125
1000,40,26.40895000013188,74.19119999985924,2.8093203250976937
1000,45,30.57184999988749,86.0608000002685,2.8150340918389047
1000,50,34.872250000262284,97.00720000000729,2.7817878112045444
1000,55,39.27909999993062,108.16609999983484,2.7537825459347567
1000,60,41.4573000002747,117.09879999989425,2.824564069515341
1000,65,48.69344999997338,133.51235000027373,2.7418954705478193
1000,70,49.16980000007243,142.66189999989365,2.9014130624831402
1000,75,52.463649999936024,148.6264499999379,2.8329414747185746
1000,80,55.10709999998653,159.6876999997221,2.897769978818721
1000,85,59.047149999969406,171.34500000020125,2.901833534730974
1000,90,64.1789999995126,191.6370499993718,2.9859775004413778
1000,95,66.87290000036228,195.1587999997173,2.918354071659223
1000,100,71.73580000016955,210.23354999988442,2.930664326589897
