algorithm,execution_time_ms,peak_memory_kb,vertices_visited,success,trial,nodes,edges,graph_type,classification,density_percent
DFS_Optimized,0.05650000093737617,1.34375,10,True,1,10,7,simple_graph,simple_graph; disconnected; sparse; unweighted; undirected; V=10; E=7; fill=15.56%,15.56
DFS_Optimized,0.040700004319660366,1.2890625,10,True,2,10,7,simple_graph,simple_graph; disconnected; sparse; unweighted; undirected; V=10; E=7; fill=15.56%,15.56
DFS_Optimized,0.036799996451009065,1.2890625,10,True,3,10,7,simple_graph,simple_graph; disconnected; sparse; unweighted; undirected; V=10; E=7; fill=15.56%,15.56
DFS_Optimized,0.03670000296551734,1.2890625,10,True,4,10,7,simple_graph,simple_graph; disconnected; sparse; unweighted; undirected; V=10; E=7; fill=15.56%,15.56
DFS_Optimized,0.03529999958118424,1.2890625,10,True,5,10,7,simple_graph,simple_graph; disconnected; sparse; unweighted; undirected; V=10; E=7; fill=15.56%,15.56
BFS_Optimized,0.038300000596791506,1.96875,10,True,1,10,7,simple_graph,simple_graph; disconnected; sparse; unweighted; undirected; V=10; E=7; fill=15.56%,15.56
BFS_Optimized,0.03109999670414254,1.96875,10,True,2,10,7,simple_graph,simple_graph; disconnected; sparse; unweighted; undirected; V=10; E=7; fill=15.56%,15.56
BFS_Optimized,0.03060000017285347,1.96875,10,True,3,10,7,simple_graph,simple_graph; disconnected; sparse; unweighted; undirected; V=10; E=7; fill=15.56%,15.56
BFS_Optimized,0.02939999831141904,1.96875,10,True,4,10,7,simple_graph,simple_graph; disconnected; sparse; unweighted; undirected; V=10; E=7; fill=15.56%,15.56
BFS_Optimized,0.029100003303028643,1.96875,10,True,5,10,7,simple_graph,simple_graph; disconnected; sparse; unweighted; undirected; V=10; E=7; fill=15.56%,15.56
DFS_Optimized,0.04650000482797623,1.4140625,10,True,1,10,31,dense_graph,dense_graph; connected; medium; unweighted; undirected; V=10; E=31; fill=68.89%,68.89
DFS_Optimized,0.050000002374872565,1.4140625,10,True,2,10,31,dense_graph,dense_graph; connected; medium; unweighted; undirected; V=10; E=31; fill=68.89%,68.89
DFS_Optimized,0.0411000000895001,1.4140625,10,True,3,10,31,dense_graph,dense_graph; connected; medium; unweighted; undirected; V=10; E=31; fill=68.89%,68.89
DFS_Optimized,0.0411000000895001,1.4140625,10,True,4,10,31,dense_graph,dense_graph; connected; medium; unweighted; undirected; V=10; E=31; fill=68.89%,68.89
DFS_Optimized,0.040899998566601425,1.4140625,10,True,5,10,31,dense_graph,dense_graph; connected; medium; unweighted; undirected; V=10; E=31; fill=68.89%,68.89
BFS_Optimized,0.028700000257231295,1.8984375,10,True,1,10,31,dense_graph,dense_graph; connected; medium; unweighted; undirected; V=10; E=31; fill=68.89%,68.89
BFS_Optimized,0.027199996111448854,1.8984375,10,True,2,10,31,dense_graph,dense_graph; connected; medium; unweighted; undirected; V=10; E=31; fill=68.89%,68.89
BFS_Optimized,0.025399996957276016,1.8984375,10,True,3,10,31,dense_graph,dense_graph; connected; medium; unweighted; undirected; V=10; E=31; fill=68.89%,68.89
BFS_Optimized,0.024900000425986946,1.8984375,10,True,4,10,31,dense_graph,dense_graph; connected; medium; unweighted; undirected; V=10; E=31; fill=68.89%,68.89
BFS_Optimized,0.02479999966453761,1.8984375,10,True,5,10,31,dense_graph,dense_graph; connected; medium; unweighted; undirected; V=10; E=31; fill=68.89%,68.89
DFS_Optimized,0.03710000601131469,1.2578125,10,True,1,10,9,tree,tree; connected; sparse; unweighted; undirected; V=10; E=9; fill=20.00%,20.0
DFS_Optimized,0.033899996196851134,1.2578125,10,True,2,10,9,tree,tree; connected; sparse; unweighted; undirected; V=10; E=9; fill=20.00%,20.0
DFS_Optimized,0.03339999966556206,1.2578125,10,True,3,10,9,tree,tree; connected; sparse; unweighted; undirected; V=10; E=9; fill=20.00%,20.0
DFS_Optimized,0.03390000347280875,1.2578125,10,True,4,10,9,tree,tree; connected; sparse; unweighted; undirected; V=10; E=9; fill=20.00%,20.0
DFS_Optimized,0.0335000004270114,1.2578125,10,True,5,10,9,tree,tree; connected; sparse; unweighted; undirected; V=10; E=9; fill=20.00%,20.0
BFS_Optimized,0.026399997295811772,1.8984375,10,True,1,10,9,tree,tree; connected; sparse; unweighted; undirected; V=10; E=9; fill=20.00%,20.0
BFS_Optimized,0.02390000008745119,1.8984375,10,True,2,10,9,tree,tree; connected; sparse; unweighted; undirected; V=10; E=9; fill=20.00%,20.0
BFS_Optimized,0.023100001271814108,1.8984375,10,True,3,10,9,tree,tree; connected; sparse; unweighted; undirected; V=10; E=9; fill=20.00%,20.0
BFS_Optimized,0.023299995518755168,1.8984375,10,True,4,10,9,tree,tree; connected; sparse; unweighted; undirected; V=10; E=9; fill=20.00%,20.0
BFS_Optimized,0.023399996280204505,1.8984375,10,True,5,10,9,tree,tree; connected; sparse; unweighted; undirected; V=10; E=9; fill=20.00%,20.0
DFS_Optimized,0.036900004488416016,1.2578125,10,True,1,10,10,cyclic_graph,cyclic_graph; connected; sparse; unweighted; undirected; V=10; E=10; fill=22.22%,22.22
DFS_Optimized,0.035099998058285564,1.2578125,10,True,2,10,10,cyclic_graph,cyclic_graph; connected; sparse; unweighted; undirected; V=10; E=10; fill=22.22%,22.22
DFS_Optimized,0.03410000499570742,1.2578125,10,True,3,10,10,cyclic_graph,cyclic_graph; connected; sparse; unweighted; undirected; V=10; E=10; fill=22.22%,22.22
DFS_Optimized,0.03359999391250312,1.2578125,10,True,4,10,10,cyclic_graph,cyclic_graph; connected; sparse; unweighted; undirected; V=10; E=10; fill=22.22%,22.22
DFS_Optimized,0.09750000026542693,1.2578125,10,True,5,10,10,cyclic_graph,cyclic_graph; connected; sparse; unweighted; undirected; V=10; E=10; fill=22.22%,22.22
BFS_Optimized,0.036600002204068005,1.8984375,10,True,1,10,10,cyclic_graph,cyclic_graph; connected; sparse; unweighted; undirected; V=10; E=10; fill=22.22%,22.22
BFS_Optimized,0.026599998818710446,1.8984375,10,True,2,10,10,cyclic_graph,cyclic_graph; connected; sparse; unweighted; undirected; V=10; E=10; fill=22.22%,22.22
BFS_Optimized,0.025300003471784294,1.8984375,10,True,3,10,10,cyclic_graph,cyclic_graph; connected; sparse; unweighted; undirected; V=10; E=10; fill=22.22%,22.22
BFS_Optimized,0.02390000008745119,1.8984375,10,True,4,10,10,cyclic_graph,cyclic_graph; connected; sparse; unweighted; undirected; V=10; E=10; fill=22.22%,22.22
BFS_Optimized,0.024100001610349864,1.8984375,10,True,5,10,10,cyclic_graph,cyclic_graph; connected; sparse; unweighted; undirected; V=10; E=10; fill=22.22%,22.22
DFS_Optimized,0.044500004150904715,1.34375,10,True,1,10,10,bipartite_graph,bipartite_graph; disconnected; sparse; unweighted; undirected; V=10; E=10; fill=22.22%,22.22
DFS_Optimized,0.03730000025825575,1.2890625,10,True,2,10,10,bipartite_graph,bipartite_graph; disconnected; sparse; unweighted; undirected; V=10; E=10; fill=22.22%,22.22
DFS_Optimized,0.03420000575715676,1.2890625,10,True,3,10,10,bipartite_graph,bipartite_graph; disconnected; sparse; unweighted; undirected; V=10; E=10; fill=22.22%,22.22
DFS_Optimized,0.034199998481199145,1.2890625,10,True,4,10,10,bipartite_graph,bipartite_graph; disconnected; sparse; unweighted; undirected; V=10; E=10; fill=22.22%,22.22
DFS_Optimized,0.034900003811344504,1.2890625,10,True,5,10,10,bipartite_graph,bipartite_graph; disconnected; sparse; unweighted; undirected; V=10; E=10; fill=22.22%,22.22
BFS_Optimized,0.029900002118665725,1.96875,10,True,1,10,10,bipartite_graph,bipartite_graph; disconnected; sparse; unweighted; undirected; V=10; E=10; fill=22.22%,22.22
BFS_Optimized,0.027999994927085936,1.96875,10,True,2,10,10,bipartite_graph,bipartite_graph; disconnected; sparse; unweighted; undirected; V=10; E=10; fill=22.22%,22.22
BFS_Optimized,0.02729999687289819,1.96875,10,True,3,10,10,bipartite_graph,bipartite_graph; disconnected; sparse; unweighted; undirected; V=10; E=10; fill=22.22%,22.22
BFS_Optimized,0.026299996534362435,1.96875,10,True,4,10,10,bipartite_graph,bipartite_graph; disconnected; sparse; unweighted; undirected; V=10; E=10; fill=22.22%,22.22
BFS_Optimized,0.02680000034160912,1.96875,10,True,5,10,10,bipartite_graph,bipartite_graph; disconnected; sparse; unweighted; undirected; V=10; E=10; fill=22.22%,22.22
DFS_Optimized,0.05070000042906031,1.5390625,10,True,1,10,45,complete_graph,complete_graph; connected; dense; unweighted; undirected; V=10; E=45; fill=100.00%,100.0
DFS_Optimized,0.047299996367655694,1.5390625,10,True,2,10,45,complete_graph,complete_graph; connected; dense; unweighted; undirected; V=10; E=45; fill=100.00%,100.0
DFS_Optimized,0.04569999873638153,1.5390625,10,True,3,10,45,complete_graph,complete_graph; connected; dense; unweighted; undirected; V=10; E=45; fill=100.00%,100.0
DFS_Optimized,0.046399996790569276,1.5390625,10,True,4,10,45,complete_graph,complete_graph; connected; dense; unweighted; undirected; V=10; E=45; fill=100.00%,100.0
DFS_Optimized,0.044699998397845775,1.5390625,10,True,5,10,45,complete_graph,complete_graph; connected; dense; unweighted; undirected; V=10; E=45; fill=100.00%,100.0
BFS_Optimized,0.029199996788520366,1.8984375,10,True,1,10,45,complete_graph,complete_graph; connected; dense; unweighted; undirected; V=10; E=45; fill=100.00%,100.0
BFS_Optimized,0.028299997211433947,1.8984375,10,True,2,10,45,complete_graph,complete_graph; connected; dense; unweighted; undirected; V=10; E=45; fill=100.00%,100.0
BFS_Optimized,0.0259000007645227,1.8984375,10,True,3,10,45,complete_graph,complete_graph; connected; dense; unweighted; undirected; V=10; E=45; fill=100.00%,100.0
BFS_Optimized,0.02540000423323363,1.8984375,10,True,4,10,45,complete_graph,complete_graph; connected; dense; unweighted; undirected; V=10; E=45; fill=100.00%,100.0
BFS_Optimized,0.026500005333218724,1.8984375,10,True,5,10,45,complete_graph,complete_graph; connected; dense; unweighted; undirected; V=10; E=45; fill=100.00%,100.0
DFS_Optimized,0.04149999585933983,1.3515625,10,True,1,10,18,wheel_graph,wheel_graph; connected; medium; unweighted; undirected; V=10; E=18; fill=40.00%,40.0
DFS_Optimized,0.03840000135824084,1.3515625,10,True,2,10,18,wheel_graph,wheel_graph; connected; medium; unweighted; undirected; V=10; E=18; fill=40.00%,40.0
DFS_Optimized,0.03699999797390774,1.3515625,10,True,3,10,18,wheel_graph,wheel_graph; connected; medium; unweighted; undirected; V=10; E=18; fill=40.00%,40.0
DFS_Optimized,0.03560000186553225,1.3515625,10,True,4,10,18,wheel_graph,wheel_graph; connected; medium; unweighted; undirected; V=10; E=18; fill=40.00%,40.0
DFS_Optimized,0.0377000033040531,1.3515625,10,True,5,10,18,wheel_graph,wheel_graph; connected; medium; unweighted; undirected; V=10; E=18; fill=40.00%,40.0
BFS_Optimized,0.026599998818710446,1.8984375,10,True,1,10,18,wheel_graph,wheel_graph; connected; medium; unweighted; undirected; V=10; E=18; fill=40.00%,40.0
BFS_Optimized,0.023799999326001853,1.8984375,10,True,2,10,18,wheel_graph,wheel_graph; connected; medium; unweighted; undirected; V=10; E=18; fill=40.00%,40.0
BFS_Optimized,0.02469999890308827,1.8984375,10,True,3,10,18,wheel_graph,wheel_graph; connected; medium; unweighted; undirected; V=10; E=18; fill=40.00%,40.0
BFS_Optimized,0.0242000023717992,1.8984375,10,True,4,10,18,wheel_graph,wheel_graph; connected; medium; unweighted; undirected; V=10; E=18; fill=40.00%,40.0
BFS_Optimized,0.023800006601959467,1.8984375,10,True,5,10,18,wheel_graph,wheel_graph; connected; medium; unweighted; undirected; V=10; E=18; fill=40.00%,40.0
DFS_Optimized,0.04030000127386302,1.2890625,10,True,1,10,13,grid_planar,grid_planar; connected; sparse; unweighted; undirected; V=10; E=13; fill=28.89%,28.89
DFS_Optimized,0.037500001781154424,1.2890625,10,True,2,10,13,grid_planar,grid_planar; connected; sparse; unweighted; undirected; V=10; E=13; fill=28.89%,28.89
DFS_Optimized,0.036299999919719994,1.2890625,10,True,3,10,13,grid_planar,grid_planar; connected; sparse; unweighted; undirected; V=10; E=13; fill=28.89%,28.89
DFS_Optimized,0.04350000381236896,1.2890625,10,True,4,10,13,grid_planar,grid_planar; connected; sparse; unweighted; undirected; V=10; E=13; fill=28.89%,28.89
DFS_Optimized,0.03539999306667596,1.2890625,10,True,5,10,13,grid_planar,grid_planar; connected; sparse; unweighted; undirected; V=10; E=13; fill=28.89%,28.89
BFS_Optimized,0.026400004571769387,1.8984375,10,True,1,10,13,grid_planar,grid_planar; connected; sparse; unweighted; undirected; V=10; E=13; fill=28.89%,28.89
BFS_Optimized,0.024100001610349864,1.8984375,10,True,2,10,13,grid_planar,grid_planar; connected; sparse; unweighted; undirected; V=10; E=13; fill=28.89%,28.89
BFS_Optimized,0.023699998564552516,1.8984375,10,True,3,10,13,grid_planar,grid_planar; connected; sparse; unweighted; undirected; V=10; E=13; fill=28.89%,28.89
BFS_Optimized,0.02510000194888562,1.8984375,10,True,4,10,13,grid_planar,grid_planar; connected; sparse; unweighted; undirected; V=10; E=13; fill=28.89%,28.89
BFS_Optimized,0.024599998141638935,1.8984375,10,True,5,10,13,grid_planar,grid_planar; connected; sparse; unweighted; undirected; V=10; E=13; fill=28.89%,28.89
DFS_Optimized,0.046399996790569276,1.3515625,10,True,1,10,16,weighted_graph,weighted_graph; disconnected; medium; weighted; undirected; V=10; E=16; fill=35.56%,35.56
DFS_Optimized,0.03980000474257395,1.3515625,10,True,2,10,16,weighted_graph,weighted_graph; disconnected; medium; weighted; undirected; V=10; E=16; fill=35.56%,35.56
DFS_Optimized,0.03850000211969018,1.3515625,10,True,3,10,16,weighted_graph,weighted_graph; disconnected; medium; weighted; undirected; V=10; E=16; fill=35.56%,35.56
DFS_Optimized,0.03850000211969018,1.3515625,10,True,4,10,16,weighted_graph,weighted_graph; disconnected; medium; weighted; undirected; V=10; E=16; fill=35.56%,35.56
DFS_Optimized,0.03819999983534217,1.3515625,10,True,5,10,16,weighted_graph,weighted_graph; disconnected; medium; weighted; undirected; V=10; E=16; fill=35.56%,35.56
BFS_Optimized,0.031000003218650818,1.96875,10,True,1,10,16,weighted_graph,weighted_graph; disconnected; medium; weighted; undirected; V=10; E=16; fill=35.56%,35.56
BFS_Optimized,0.027499998395796865,1.96875,10,True,2,10,16,weighted_graph,weighted_graph; disconnected; medium; weighted; undirected; V=10; E=16; fill=35.56%,35.56
BFS_Optimized,0.027900001441594213,1.96875,10,True,3,10,16,weighted_graph,weighted_graph; disconnected; medium; weighted; undirected; V=10; E=16; fill=35.56%,35.56
BFS_Optimized,0.02710000262595713,1.96875,10,True,4,10,16,weighted_graph,weighted_graph; disconnected; medium; weighted; undirected; V=10; E=16; fill=35.56%,35.56
BFS_Optimized,0.02649999805726111,1.96875,10,True,5,10,16,weighted_graph,weighted_graph; disconnected; medium; weighted; undirected; V=10; E=16; fill=35.56%,35.56
DFS_Optimized,0.03879999712808058,1.2890625,10,True,1,10,15,strip_weights,strip_weights; connected; medium; unweighted; undirected; V=10; E=15; fill=33.33%,33.33
DFS_Optimized,0.036600002204068005,1.2890625,10,True,2,10,15,strip_weights,strip_weights; connected; medium; unweighted; undirected; V=10; E=15; fill=33.33%,33.33
DFS_Optimized,0.043000000005122274,1.2890625,10,True,3,10,15,strip_weights,strip_weights; connected; medium; unweighted; undirected; V=10; E=15; fill=33.33%,33.33
DFS_Optimized,0.035899996873922646,1.2890625,10,True,4,10,15,strip_weights,strip_weights; connected; medium; unweighted; undirected; V=10; E=15; fill=33.33%,33.33
DFS_Optimized,0.03579999611247331,1.2890625,10,True,5,10,15,strip_weights,strip_weights; connected; medium; unweighted; undirected; V=10; E=15; fill=33.33%,33.33
BFS_Optimized,0.02729999687289819,1.8984375,10,True,1,10,15,strip_weights,strip_weights; connected; medium; unweighted; undirected; V=10; E=15; fill=33.33%,33.33
BFS_Optimized,0.02559999848017469,1.8984375,10,True,2,10,15,strip_weights,strip_weights; connected; medium; unweighted; undirected; V=10; E=15; fill=33.33%,33.33
BFS_Optimized,0.024599998141638935,1.8984375,10,True,3,10,15,strip_weights,strip_weights; connected; medium; unweighted; undirected; V=10; E=15; fill=33.33%,33.33
BFS_Optimized,0.024700006179045886,1.8984375,10,True,4,10,15,strip_weights,strip_weights; connected; medium; unweighted; undirected; V=10; E=15; fill=33.33%,33.33
BFS_Optimized,0.02439999661874026,1.8984375,10,True,5,10,15,strip_weights,strip_weights; connected; medium; unweighted; undirected; V=10; E=15; fill=33.33%,33.33
DFS_Optimized,0.041200000850949436,1.3203125,10,True,1,10,7,disconnected_graph,disconnected_graph; disconnected; sparse; unweighted; undirected; V=10; E=7; fill=15.56%,15.56
DFS_Optimized,0.03819999983534217,1.3203125,10,True,2,10,7,disconnected_graph,disconnected_graph; disconnected; sparse; unweighted; undirected; V=10; E=7; fill=15.56%,15.56
DFS_Optimized,0.6084999986342154,1.3203125,10,True,3,10,7,disconnected_graph,disconnected_graph; disconnected; sparse; unweighted; undirected; V=10; E=7; fill=15.56%,15.56
DFS_Optimized,0.12029999925289303,1.3203125,10,True,4,10,7,disconnected_graph,disconnected_graph; disconnected; sparse; unweighted; undirected; V=10; E=7; fill=15.56%,15.56
DFS_Optimized,0.40640000224811956,1.3203125,10,True,5,10,7,disconnected_graph,disconnected_graph; disconnected; sparse; unweighted; undirected; V=10; E=7; fill=15.56%,15.56
BFS_Optimized,0.03980000474257395,1.9609375,10,True,1,10,7,disconnected_graph,disconnected_graph; disconnected; sparse; unweighted; undirected; V=10; E=7; fill=15.56%,15.56
BFS_Optimized,0.03090000245720148,1.9609375,10,True,2,10,7,disconnected_graph,disconnected_graph; disconnected; sparse; unweighted; undirected; V=10; E=7; fill=15.56%,15.56
BFS_Optimized,0.10309999925084412,1.9609375,10,True,3,10,7,disconnected_graph,disconnected_graph; disconnected; sparse; unweighted; undirected; V=10; E=7; fill=15.56%,15.56
BFS_Optimized,0.05520000559045002,1.9609375,10,True,4,10,7,disconnected_graph,disconnected_graph; disconnected; sparse; unweighted; undirected; V=10; E=7; fill=15.56%,15.56
BFS_Optimized,0.06130000110715628,1.9609375,10,True,5,10,7,disconnected_graph,disconnected_graph; disconnected; sparse; unweighted; undirected; V=10; E=7; fill=15.56%,15.56
DFS_Optimized,0.20419999782461673,4.3515625,50,True,1,50,196,simple_graph,simple_graph; connected; sparse; unweighted; undirected; V=50; E=196; fill=16.00%,16.0
DFS_Optimized,0.1798999946913682,4.3515625,50,True,2,50,196,simple_graph,simple_graph; connected; sparse; unweighted; undirected; V=50; E=196; fill=16.00%,16.0
DFS_Optimized,0.17799999477574602,4.3515625,50,True,3,50,196,simple_graph,simple_graph; connected; sparse; unweighted; undirected; V=50; E=196; fill=16.00%,16.0
DFS_Optimized,0.6340000036288984,4.3515625,50,True,4,50,196,simple_graph,simple_graph; connected; sparse; unweighted; undirected; V=50; E=196; fill=16.00%,16.0
DFS_Optimized,1.5340999962063506,4.3515625,50,True,5,50,196,simple_graph,simple_graph; connected; sparse; unweighted; undirected; V=50; E=196; fill=16.00%,16.0
BFS_Optimized,0.1869000043370761,3.8046875,50,True,1,50,196,simple_graph,simple_graph; connected; sparse; unweighted; undirected; V=50; E=196; fill=16.00%,16.0
BFS_Optimized,0.16789999790489674,3.8046875,50,True,2,50,196,simple_graph,simple_graph; connected; sparse; unweighted; undirected; V=50; E=196; fill=16.00%,16.0
BFS_Optimized,0.6148999964352697,3.8046875,50,True,3,50,196,simple_graph,simple_graph; connected; sparse; unweighted; undirected; V=50; E=196; fill=16.00%,16.0
BFS_Optimized,0.17049999587470666,3.8046875,50,True,4,50,196,simple_graph,simple_graph; connected; sparse; unweighted; undirected; V=50; E=196; fill=16.00%,16.0
BFS_Optimized,0.16269999468931928,3.8046875,50,True,5,50,196,simple_graph,simple_graph; connected; sparse; unweighted; undirected; V=50; E=196; fill=16.00%,16.0
DFS_Optimized,0.6416000032913871,9.7265625,50,True,1,50,848,dense_graph,dense_graph; connected; medium; unweighted; undirected; V=50; E=848; fill=69.22%,69.22
DFS_Optimized,0.5392000020947307,9.7265625,50,True,2,50,848,dense_graph,dense_graph; connected; medium; unweighted; undirected; V=50; E=848; fill=69.22%,69.22
DFS_Optimized,0.8547000034013763,9.7265625,50,True,3,50,848,dense_graph,dense_graph; connected; medium; unweighted; undirected; V=50; E=848; fill=69.22%,69.22
DFS_Optimized,0.6535000065923668,9.7265625,50,True,4,50,848,dense_graph,dense_graph; connected; medium; unweighted; undirected; V=50; E=848; fill=69.22%,69.22
DFS_Optimized,1.9839000015053898,9.7265625,50,True,5,50,848,dense_graph,dense_graph; connected; medium; unweighted; undirected; V=50; E=848; fill=69.22%,69.22
BFS_Optimized,0.35599999682744965,3.8046875,50,True,1,50,848,dense_graph,dense_graph; connected; medium; unweighted; undirected; V=50; E=848; fill=69.22%,69.22
BFS_Optimized,0.3246000051149167,3.8046875,50,True,2,50,848,dense_graph,dense_graph; connected; medium; unweighted; undirected; V=50; E=848; fill=69.22%,69.22
BFS_Optimized,0.5508999965968542,3.8046875,50,True,3,50,848,dense_graph,dense_graph; connected; medium; unweighted; undirected; V=50; E=848; fill=69.22%,69.22
BFS_Optimized,0.2821000016410835,3.8046875,50,True,4,50,848,dense_graph,dense_graph; connected; medium; unweighted; undirected; V=50; E=848; fill=69.22%,69.22
BFS_Optimized,0.24710000434424728,3.8046875,50,True,5,50,848,dense_graph,dense_graph; connected; medium; unweighted; undirected; V=50; E=848; fill=69.22%,69.22
DFS_Optimized,11.911499997950159,3.265625,50,True,1,50,49,tree,tree; connected; sparse; unweighted; undirected; V=50; E=49; fill=4.00%,4.0
DFS_Optimized,0.5098999972688034,3.265625,50,True,2,50,49,tree,tree; connected; sparse; unweighted; undirected; V=50; E=49; fill=4.00%,4.0
DFS_Optimized,0.2595999976620078,3.265625,50,True,3,50,49,tree,tree; connected; sparse; unweighted; undirected; V=50; E=49; fill=4.00%,4.0
DFS_Optimized,0.2705000006244518,3.265625,50,True,4,50,49,tree,tree; connected; sparse; unweighted; undirected; V=50; E=49; fill=4.00%,4.0
DFS_Optimized,0.2538999979151413,3.265625,50,True,5,50,49,tree,tree; connected; sparse; unweighted; undirected; V=50; E=49; fill=4.00%,4.0
BFS_Optimized,0.1520000005257316,3.8046875,50,True,1,50,49,tree,tree; connected; sparse; unweighted; undirected; V=50; E=49; fill=4.00%,4.0
BFS_Optimized,0.13939999917056412,3.8046875,50,True,2,50,49,tree,tree; connected; sparse; unweighted; undirected; V=50; E=49; fill=4.00%,4.0
BFS_Optimized,0.13559999933931977,3.8046875,50,True,3,50,49,tree,tree; connected; sparse; unweighted; undirected; V=50; E=49; fill=4.00%,4.0
BFS_Optimized,0.14880000526318327,3.8046875,50,True,4,50,49,tree,tree; connected; sparse; unweighted; undirected; V=50; E=49; fill=4.00%,4.0
BFS_Optimized,0.13469999976223335,3.8046875,50,True,5,50,49,tree,tree; connected; sparse; unweighted; undirected; V=50; E=49; fill=4.00%,4.0
DFS_Optimized,0.254700004006736,3.203125,50,True,1,50,50,cyclic_graph,cyclic_graph; connected; sparse; unweighted; undirected; V=50; E=50; fill=4.08%,4.08
DFS_Optimized,0.2610000010463409,3.203125,50,True,2,50,50,cyclic_graph,cyclic_graph; connected; sparse; unweighted; undirected; V=50; E=50; fill=4.08%,4.08
DFS_Optimized,0.25289999757660553,3.203125,50,True,3,50,50,cyclic_graph,cyclic_graph; connected; sparse; unweighted; undirected; V=50; E=50; fill=4.08%,4.08
DFS_Optimized,0.2587999988463707,3.203125,50,True,4,50,50,cyclic_graph,cyclic_graph; connected; sparse; unweighted; undirected; V=50; E=50; fill=4.08%,4.08
DFS_Optimized,0.25090000417549163,3.203125,50,True,5,50,50,cyclic_graph,cyclic_graph; connected; sparse; unweighted; undirected; V=50; E=50; fill=4.08%,4.08
BFS_Optimized,0.16070000128820539,3.9609375,50,True,1,50,50,cyclic_graph,cyclic_graph; connected; sparse; unweighted; undirected; V=50; E=50; fill=4.08%,4.08
BFS_Optimized,0.13839999883202836,3.9609375,50,True,2,50,50,cyclic_graph,cyclic_graph; connected; sparse; unweighted; undirected; V=50; E=50; fill=4.08%,4.08
BFS_Optimized,0.14119999832473695,3.9609375,50,True,3,50,50,cyclic_graph,cyclic_graph; connected; sparse; unweighted; undirected; V=50; E=50; fill=4.08%,4.08
BFS_Optimized,0.13659999967785552,3.9609375,50,True,4,50,50,cyclic_graph,cyclic_graph; connected; sparse; unweighted; undirected; V=50; E=50; fill=4.08%,4.08
BFS_Optimized,0.13529999705497175,3.9609375,50,True,5,50,50,cyclic_graph,cyclic_graph; connected; sparse; unweighted; undirected; V=50; E=50; fill=4.08%,4.08
DFS_Optimized,0.3310999964014627,4.3515625,50,True,1,50,197,bipartite_graph,bipartite_graph; connected; sparse; unweighted; undirected; V=50; E=197; fill=16.08%,16.08
DFS_Optimized,0.31689999741502106,4.3515625,50,True,2,50,197,bipartite_graph,bipartite_graph; connected; sparse; unweighted; undirected; V=50; E=197; fill=16.08%,16.08
DFS_Optimized,0.3346999947098084,4.3515625,50,True,3,50,197,bipartite_graph,bipartite_graph; connected; sparse; unweighted; undirected; V=50; E=197; fill=16.08%,16.08
DFS_Optimized,0.42779999785125256,4.3515625,50,True,4,50,197,bipartite_graph,bipartite_graph; connected; sparse; unweighted; undirected; V=50; E=197; fill=16.08%,16.08
DFS_Optimized,0.3358999965712428,4.3515625,50,True,5,50,197,bipartite_graph,bipartite_graph; connected; sparse; unweighted; undirected; V=50; E=197; fill=16.08%,16.08
BFS_Optimized,0.170599996636156,3.8046875,50,True,1,50,197,bipartite_graph,bipartite_graph; connected; sparse; unweighted; undirected; V=50; E=197; fill=16.08%,16.08
BFS_Optimized,0.15789999451953918,3.8046875,50,True,2,50,197,bipartite_graph,bipartite_graph; connected; sparse; unweighted; undirected; V=50; E=197; fill=16.08%,16.08
BFS_Optimized,0.15859999984968454,3.8046875,50,True,3,50,197,bipartite_graph,bipartite_graph; connected; sparse; unweighted; undirected; V=50; E=197; fill=16.08%,16.08
BFS_Optimized,0.15949999942677096,3.8046875,50,True,4,50,197,bipartite_graph,bipartite_graph; connected; sparse; unweighted; undirected; V=50; E=197; fill=16.08%,16.08
BFS_Optimized,0.1694999955361709,3.8046875,50,True,5,50,197,bipartite_graph,bipartite_graph; connected; sparse; unweighted; undirected; V=50; E=197; fill=16.08%,16.08
DFS_Optimized,0.6674000032944605,12.7265625,50,True,1,50,1225,complete_graph,complete_graph; connected; dense; unweighted; undirected; V=50; E=1225; fill=100.00%,100.0
DFS_Optimized,0.6618000043090433,12.7265625,50,True,2,50,1225,complete_graph,complete_graph; connected; dense; unweighted; undirected; V=50; E=1225; fill=100.00%,100.0
DFS_Optimized,0.7314999966183677,12.7265625,50,True,3,50,1225,complete_graph,complete_graph; connected; dense; unweighted; undirected; V=50; E=1225; fill=100.00%,100.0
DFS_Optimized,0.36279999767430127,12.7265625,50,True,4,50,1225,complete_graph,complete_graph; connected; dense; unweighted; undirected; V=50; E=1225; fill=100.00%,100.0
DFS_Optimized,1.677599997492507,12.7265625,50,True,5,50,1225,complete_graph,complete_graph; connected; dense; unweighted; undirected; V=50; E=1225; fill=100.00%,100.0
BFS_Optimized,0.3053999971598387,3.8046875,50,True,1,50,1225,complete_graph,complete_graph; connected; dense; unweighted; undirected; V=50; E=1225; fill=100.00%,100.0
BFS_Optimized,0.4611999975168146,3.8046875,50,True,2,50,1225,complete_graph,complete_graph; connected; dense; unweighted; undirected; V=50; E=1225; fill=100.00%,100.0
BFS_Optimized,0.3031999949598685,3.8046875,50,True,3,50,1225,complete_graph,complete_graph; connected; dense; unweighted; undirected; V=50; E=1225; fill=100.00%,100.0
BFS_Optimized,0.2870999960578047,3.8046875,50,True,4,50,1225,complete_graph,complete_graph; connected; dense; unweighted; undirected; V=50; E=1225; fill=100.00%,100.0
BFS_Optimized,0.2978000047733076,3.8046875,50,True,5,50,1225,complete_graph,complete_graph; connected; dense; unweighted; undirected; V=50; E=1225; fill=100.00%,100.0
DFS_Optimized,0.27119999867863953,3.578125,50,True,1,50,98,wheel_graph,wheel_graph; connected; sparse; unweighted; undirected; V=50; E=98; fill=8.00%,8.0
DFS_Optimized,0.27240000054007396,3.578125,50,True,2,50,98,wheel_graph,wheel_graph; connected; sparse; unweighted; undirected; V=50; E=98; fill=8.00%,8.0
DFS_Optimized,0.2572999947005883,3.578125,50,True,3,50,98,wheel_graph,wheel_graph; connected; sparse; unweighted; undirected; V=50; E=98; fill=8.00%,8.0
DFS_Optimized,0.745400000596419,3.578125,50,True,4,50,98,wheel_graph,wheel_graph; connected; sparse; unweighted; undirected; V=50; E=98; fill=8.00%,8.0
DFS_Optimized,0.42779999785125256,3.578125,50,True,5,50,98,wheel_graph,wheel_graph; connected; sparse; unweighted; undirected; V=50; E=98; fill=8.00%,8.0
BFS_Optimized,0.08140000136336312,3.8046875,50,True,1,50,98,wheel_graph,wheel_graph; connected; sparse; unweighted; undirected; V=50; E=98; fill=8.00%,8.0
BFS_Optimized,0.07360000017797574,3.8046875,50,True,2,50,98,wheel_graph,wheel_graph; connected; sparse; unweighted; undirected; V=50; E=98; fill=8.00%,8.0
BFS_Optimized,0.07669999467907473,3.8046875,50,True,3,50,98,wheel_graph,wheel_graph; connected; sparse; unweighted; undirected; V=50; E=98; fill=8.00%,8.0
BFS_Optimized,0.07280000136233866,3.8046875,50,True,4,50,98,wheel_graph,wheel_graph; connected; sparse; unweighted; undirected; V=50; E=98; fill=8.00%,8.0
BFS_Optimized,0.0703999976394698,3.8046875,50,True,5,50,98,wheel_graph,wheel_graph; connected; sparse; unweighted; undirected; V=50; E=98; fill=8.00%,8.0
DFS_Optimized,0.14969999756431207,3.359375,50,True,1,50,85,grid_planar,grid_planar; connected; sparse; unweighted; undirected; V=50; E=85; fill=6.94%,6.94
DFS_Optimized,1.2260000003152527,3.359375,50,True,2,50,85,grid_planar,grid_planar; connected; sparse; unweighted; undirected; V=50; E=85; fill=6.94%,6.94
DFS_Optimized,0.3243999963160604,3.359375,50,True,3,50,85,grid_planar,grid_planar; connected; sparse; unweighted; undirected; V=50; E=85; fill=6.94%,6.94
DFS_Optimized,0.13919999764766544,3.359375,50,True,4,50,85,grid_planar,grid_planar; connected; sparse; unweighted; undirected; V=50; E=85; fill=6.94%,6.94
DFS_Optimized,0.13310000213095918,3.359375,50,True,5,50,85,grid_planar,grid_planar; connected; sparse; unweighted; undirected; V=50; E=85; fill=6.94%,6.94
BFS_Optimized,0.08349999552592635,3.8984375,50,True,1,50,85,grid_planar,grid_planar; connected; sparse; unweighted; undirected; V=50; E=85; fill=6.94%,6.94
BFS_Optimized,0.07539999933214858,3.8984375,50,True,2,50,85,grid_planar,grid_planar; connected; sparse; unweighted; undirected; V=50; E=85; fill=6.94%,6.94
BFS_Optimized,0.07329999789362773,3.8984375,50,True,3,50,85,grid_planar,grid_planar; connected; sparse; unweighted; undirected; V=50; E=85; fill=6.94%,6.94
BFS_Optimized,0.07249999907799065,3.8984375,50,True,4,50,85,grid_planar,grid_planar; connected; sparse; unweighted; undirected; V=50; E=85; fill=6.94%,6.94
BFS_Optimized,0.07249999907799065,3.8984375,50,True,5,50,85,grid_planar,grid_planar; connected; sparse; unweighted; undirected; V=50; E=85; fill=6.94%,6.94
DFS_Optimized,0.21920000290265307,5.7578125,50,True,1,50,380,weighted_graph,weighted_graph; connected; medium; weighted; undirected; V=50; E=380; fill=31.02%,31.02
DFS_Optimized,0.206899996555876,5.7578125,50,True,2,50,380,weighted_graph,weighted_graph; connected; medium; weighted; undirected; V=50; E=380; fill=31.02%,31.02
DFS_Optimized,0.28020000172546133,5.7578125,50,True,3,50,380,weighted_graph,weighted_graph; connected; medium; weighted; undirected; V=50; E=380; fill=31.02%,31.02
DFS_Optimized,0.7407000011880882,5.7578125,50,True,4,50,380,weighted_graph,weighted_graph; connected; medium; weighted; undirected; V=50; E=380; fill=31.02%,31.02
DFS_Optimized,0.43930000538239256,5.7578125,50,True,5,50,380,weighted_graph,weighted_graph; connected; medium; weighted; undirected; V=50; E=380; fill=31.02%,31.02
BFS_Optimized,0.20139999833190814,3.8046875,50,True,1,50,380,weighted_graph,weighted_graph; connected; medium; weighted; undirected; V=50; E=380; fill=31.02%,31.02
BFS_Optimized,0.2029999959631823,3.8046875,50,True,2,50,380,weighted_graph,weighted_graph; connected; medium; weighted; undirected; V=50; E=380; fill=31.02%,31.02
BFS_Optimized,0.1827000014600344,3.8046875,50,True,3,50,380,weighted_graph,weighted_graph; connected; medium; weighted; undirected; V=50; E=380; fill=31.02%,31.02
BFS_Optimized,0.18219999765278772,3.8046875,50,True,4,50,380,weighted_graph,weighted_graph; connected; medium; weighted; undirected; V=50; E=380; fill=31.02%,31.02
BFS_Optimized,0.18190000264439732,3.8046875,50,True,5,50,380,weighted_graph,weighted_graph; connected; medium; weighted; undirected; V=50; E=380; fill=31.02%,31.02
DFS_Optimized,0.4217000023345463,5.4140625,50,True,1,50,354,strip_weights,strip_weights; connected; sparse; unweighted; undirected; V=50; E=354; fill=28.90%,28.9
DFS_Optimized,0.37679999513784423,5.4140625,50,True,2,50,354,strip_weights,strip_weights; connected; sparse; unweighted; undirected; V=50; E=354; fill=28.90%,28.9
DFS_Optimized,0.36949999775970355,5.4140625,50,True,3,50,354,strip_weights,strip_weights; connected; sparse; unweighted; undirected; V=50; E=354; fill=28.90%,28.9
DFS_Optimized,0.4819000023417175,5.4140625,50,True,4,50,354,strip_weights,strip_weights; connected; sparse; unweighted; undirected; V=50; E=354; fill=28.90%,28.9
DFS_Optimized,0.4245000018272549,5.4140625,50,True,5,50,354,strip_weights,strip_weights; connected; sparse; unweighted; undirected; V=50; E=354; fill=28.90%,28.9
BFS_Optimized,0.1038999980664812,3.8046875,50,True,1,50,354,strip_weights,strip_weights; connected; sparse; unweighted; undirected; V=50; E=354; fill=28.90%,28.9
BFS_Optimized,0.09639999916544184,3.8046875,50,True,2,50,354,strip_weights,strip_weights; connected; sparse; unweighted; undirected; V=50; E=354; fill=28.90%,28.9
BFS_Optimized,0.16089999553514645,3.8046875,50,True,3,50,354,strip_weights,strip_weights; connected; sparse; unweighted; undirected; V=50; E=354; fill=28.90%,28.9
BFS_Optimized,0.09950000094249845,3.8046875,50,True,4,50,354,strip_weights,strip_weights; connected; sparse; unweighted; undirected; V=50; E=354; fill=28.90%,28.9
BFS_Optimized,0.09300000237999484,3.8046875,50,True,5,50,354,strip_weights,strip_weights; connected; sparse; unweighted; undirected; V=50; E=354; fill=28.90%,28.9
DFS_Optimized,0.14999999984866008,3.296875,50,True,1,50,47,disconnected_graph,disconnected_graph; disconnected; sparse; unweighted; undirected; V=50; E=47; fill=3.84%,3.84
DFS_Optimized,0.15859999984968454,3.296875,50,True,2,50,47,disconnected_graph,disconnected_graph; disconnected; sparse; unweighted; undirected; V=50; E=47; fill=3.84%,3.84
DFS_Optimized,0.6542999981320463,3.296875,50,True,3,50,47,disconnected_graph,disconnected_graph; disconnected; sparse; unweighted; undirected; V=50; E=47; fill=3.84%,3.84
DFS_Optimized,0.2840000015567057,3.296875,50,True,4,50,47,disconnected_graph,disconnected_graph; disconnected; sparse; unweighted; undirected; V=50; E=47; fill=3.84%,3.84
DFS_Optimized,0.26729999808594584,3.296875,50,True,5,50,47,disconnected_graph,disconnected_graph; disconnected; sparse; unweighted; undirected; V=50; E=47; fill=3.84%,3.84
BFS_Optimized,0.16289999621221796,4.0234375,50,True,1,50,47,disconnected_graph,disconnected_graph; disconnected; sparse; unweighted; undirected; V=50; E=47; fill=3.84%,3.84
BFS_Optimized,0.15359999815700576,4.0234375,50,True,2,50,47,disconnected_graph,disconnected_graph; disconnected; sparse; unweighted; undirected; V=50; E=47; fill=3.84%,3.84
BFS_Optimized,0.14989999908721074,4.0234375,50,True,3,50,47,disconnected_graph,disconnected_graph; disconnected; sparse; unweighted; undirected; V=50; E=47; fill=3.84%,3.84
BFS_Optimized,0.15219999477267265,4.0234375,50,True,4,50,47,disconnected_graph,disconnected_graph; disconnected; sparse; unweighted; undirected; V=50; E=47; fill=3.84%,3.84
BFS_Optimized,0.152900000102818,4.0234375,50,True,5,50,47,disconnected_graph,disconnected_graph; disconnected; sparse; unweighted; undirected; V=50; E=47; fill=3.84%,3.84
DFS_Optimized,0.7310000000870787,16.328125,100,True,1,100,724,simple_graph,simple_graph; connected; sparse; unweighted; undirected; V=100; E=724; fill=14.63%,14.63
DFS_Optimized,0.7310000000870787,16.328125,100,True,2,100,724,simple_graph,simple_graph; connected; sparse; unweighted; undirected; V=100; E=724; fill=14.63%,14.63
DFS_Optimized,26.762800000142306,16.328125,100,True,3,100,724,simple_graph,simple_graph; connected; sparse; unweighted; undirected; V=100; E=724; fill=14.63%,14.63
DFS_Optimized,0.7122999959392473,16.328125,100,True,4,100,724,simple_graph,simple_graph; connected; sparse; unweighted; undirected; V=100; E=724; fill=14.63%,14.63
DFS_Optimized,0.7501000000047497,16.328125,100,True,5,100,724,simple_graph,simple_graph; connected; sparse; unweighted; undirected; V=100; E=724; fill=14.63%,14.63
BFS_Optimized,0.23890000011306256,11.9140625,100,True,1,100,724,simple_graph,simple_graph; connected; sparse; unweighted; undirected; V=100; E=724; fill=14.63%,14.63
BFS_Optimized,0.3708000003825873,11.9140625,100,True,2,100,724,simple_graph,simple_graph; connected; sparse; unweighted; undirected; V=100; E=724; fill=14.63%,14.63
BFS_Optimized,0.5402000024332665,11.9140625,100,True,3,100,724,simple_graph,simple_graph; connected; sparse; unweighted; undirected; V=100; E=724; fill=14.63%,14.63
BFS_Optimized,0.18370000179857016,11.9140625,100,True,4,100,724,simple_graph,simple_graph; connected; sparse; unweighted; undirected; V=100; E=724; fill=14.63%,14.63
BFS_Optimized,0.18080000154441223,11.9140625,100,True,5,100,724,simple_graph,simple_graph; connected; sparse; unweighted; undirected; V=100; E=724; fill=14.63%,14.63
DFS_Optimized,0.8452000038232654,38.0390625,100,True,1,100,3513,dense_graph,dense_graph; connected; dense; unweighted; undirected; V=100; E=3513; fill=70.97%,70.97
DFS_Optimized,0.8046999937505461,38.0390625,100,True,2,100,3513,dense_graph,dense_graph; connected; dense; unweighted; undirected; V=100; E=3513; fill=70.97%,70.97
DFS_Optimized,1.5954000045894645,38.0390625,100,True,3,100,3513,dense_graph,dense_graph; connected; dense; unweighted; undirected; V=100; E=3513; fill=70.97%,70.97
DFS_Optimized,1.6135000041685998,38.0390625,100,True,4,100,3513,dense_graph,dense_graph; connected; dense; unweighted; undirected; V=100; E=3513; fill=70.97%,70.97
DFS_Optimized,1.4961999986553565,38.0390625,100,True,5,100,3513,dense_graph,dense_graph; connected; dense; unweighted; undirected; V=100; E=3513; fill=70.97%,70.97
BFS_Optimized,0.7330000007641502,11.8203125,100,True,1,100,3513,dense_graph,dense_graph; connected; dense; unweighted; undirected; V=100; E=3513; fill=70.97%,70.97
BFS_Optimized,0.35229999775765464,11.8203125,100,True,2,100,3513,dense_graph,dense_graph; connected; dense; unweighted; undirected; V=100; E=3513; fill=70.97%,70.97
BFS_Optimized,0.39480000123148784,11.8203125,100,True,3,100,3513,dense_graph,dense_graph; connected; dense; unweighted; undirected; V=100; E=3513; fill=70.97%,70.97
BFS_Optimized,0.36240000190446153,11.8203125,100,True,4,100,3513,dense_graph,dense_graph; connected; dense; unweighted; undirected; V=100; E=3513; fill=70.97%,70.97
BFS_Optimized,0.34020000020973384,11.8203125,100,True,5,100,3513,dense_graph,dense_graph; connected; dense; unweighted; undirected; V=100; E=3513; fill=70.97%,70.97
DFS_Optimized,0.2671999973244965,11.203125,100,True,1,100,99,tree,tree; connected; sparse; unweighted; undirected; V=100; E=99; fill=2.00%,2.0
DFS_Optimized,0.24629999825265259,11.203125,100,True,2,100,99,tree,tree; connected; sparse; unweighted; undirected; V=100; E=99; fill=2.00%,2.0
DFS_Optimized,0.24879999546101317,11.203125,100,True,3,100,99,tree,tree; connected; sparse; unweighted; undirected; V=100; E=99; fill=2.00%,2.0
DFS_Optimized,0.24249999842140824,11.203125,100,True,4,100,99,tree,tree; connected; sparse; unweighted; undirected; V=100; E=99; fill=2.00%,2.0
DFS_Optimized,0.24480000138282776,11.203125,100,True,5,100,99,tree,tree; connected; sparse; unweighted; undirected; V=100; E=99; fill=2.00%,2.0
BFS_Optimized,0.13899999612476677,12.2890625,100,True,1,100,99,tree,tree; connected; sparse; unweighted; undirected; V=100; E=99; fill=2.00%,2.0
BFS_Optimized,0.13220000255387276,12.2890625,100,True,2,100,99,tree,tree; connected; sparse; unweighted; undirected; V=100; E=99; fill=2.00%,2.0
BFS_Optimized,0.12969999806955457,12.2890625,100,True,3,100,99,tree,tree; connected; sparse; unweighted; undirected; V=100; E=99; fill=2.00%,2.0
BFS_Optimized,0.13050000416114926,12.2890625,100,True,4,100,99,tree,tree; connected; sparse; unweighted; undirected; V=100; E=99; fill=2.00%,2.0
BFS_Optimized,0.13520000356948003,12.2890625,100,True,5,100,99,tree,tree; connected; sparse; unweighted; undirected; V=100; E=99; fill=2.00%,2.0
DFS_Optimized,0.5289999971864745,11.109375,100,True,1,100,100,cyclic_graph,cyclic_graph; connected; sparse; unweighted; undirected; V=100; E=100; fill=2.02%,2.02
DFS_Optimized,0.5097000030218624,11.109375,100,True,2,100,100,cyclic_graph,cyclic_graph; connected; sparse; unweighted; undirected; V=100; E=100; fill=2.02%,2.02
DFS_Optimized,0.5596999981207773,11.109375,100,True,3,100,100,cyclic_graph,cyclic_graph; connected; sparse; unweighted; undirected; V=100; E=100; fill=2.02%,2.02
DFS_Optimized,1.1918000018340535,11.109375,100,True,4,100,100,cyclic_graph,cyclic_graph; connected; sparse; unweighted; undirected; V=100; E=100; fill=2.02%,2.02
DFS_Optimized,0.3828999979305081,11.109375,100,True,5,100,100,cyclic_graph,cyclic_graph; connected; sparse; unweighted; undirected; V=100; E=100; fill=2.02%,2.02
BFS_Optimized,0.1607999947736971,12.3828125,100,True,1,100,100,cyclic_graph,cyclic_graph; connected; sparse; unweighted; undirected; V=100; E=100; fill=2.02%,2.02
BFS_Optimized,0.13449999823933467,12.3828125,100,True,2,100,100,cyclic_graph,cyclic_graph; connected; sparse; unweighted; undirected; V=100; E=100; fill=2.02%,2.02
BFS_Optimized,0.1311999949393794,12.3828125,100,True,3,100,100,cyclic_graph,cyclic_graph; connected; sparse; unweighted; undirected; V=100; E=100; fill=2.02%,2.02
BFS_Optimized,0.4963000028510578,12.3828125,100,True,4,100,100,cyclic_graph,cyclic_graph; connected; sparse; unweighted; undirected; V=100; E=100; fill=2.02%,2.02
BFS_Optimized,0.17719999596010894,12.3828125,100,True,5,100,100,cyclic_graph,cyclic_graph; connected; sparse; unweighted; undirected; V=100; E=100; fill=2.02%,2.02
DFS_Optimized,2.26910000492353,16.328125,100,True,1,100,754,bipartite_graph,bipartite_graph; connected; sparse; unweighted; undirected; V=100; E=754; fill=15.23%,15.23
DFS_Optimized,3.264300001319498,16.328125,100,True,2,100,754,bipartite_graph,bipartite_graph; connected; sparse; unweighted; undirected; V=100; E=754; fill=15.23%,15.23
DFS_Optimized,0.9374000001116656,16.328125,100,True,3,100,754,bipartite_graph,bipartite_graph; connected; sparse; unweighted; undirected; V=100; E=754; fill=15.23%,15.23
DFS_Optimized,0.8711999980732799,16.328125,100,True,4,100,754,bipartite_graph,bipartite_graph; connected; sparse; unweighted; undirected; V=100; E=754; fill=15.23%,15.23
DFS_Optimized,0.669100001687184,16.328125,100,True,5,100,754,bipartite_graph,bipartite_graph; connected; sparse; unweighted; undirected; V=100; E=754; fill=15.23%,15.23
BFS_Optimized,0.18790000467561185,11.9765625,100,True,1,100,754,bipartite_graph,bipartite_graph; connected; sparse; unweighted; undirected; V=100; E=754; fill=15.23%,15.23
BFS_Optimized,0.1795999996829778,11.9765625,100,True,2,100,754,bipartite_graph,bipartite_graph; connected; sparse; unweighted; undirected; V=100; E=754; fill=15.23%,15.23
BFS_Optimized,0.1747999995131977,11.9765625,100,True,3,100,754,bipartite_graph,bipartite_graph; connected; sparse; unweighted; undirected; V=100; E=754; fill=15.23%,15.23
BFS_Optimized,0.20460000087041408,11.9765625,100,True,4,100,754,bipartite_graph,bipartite_graph; connected; sparse; unweighted; undirected; V=100; E=754; fill=15.23%,15.23
BFS_Optimized,0.1753999968059361,11.9765625,100,True,5,100,754,bipartite_graph,bipartite_graph; connected; sparse; unweighted; undirected; V=100; E=754; fill=15.23%,15.23
DFS_Optimized,2.1894000019528903,50.2890625,100,True,1,100,4950,complete_graph,complete_graph; connected; dense; unweighted; undirected; V=100; E=4950; fill=100.00%,100.0
DFS_Optimized,1.0479000047780573,50.2890625,100,True,2,100,4950,complete_graph,complete_graph; connected; dense; unweighted; undirected; V=100; E=4950; fill=100.00%,100.0
DFS_Optimized,20.0840999968932,50.2890625,100,True,3,100,4950,complete_graph,complete_graph; connected; dense; unweighted; undirected; V=100; E=4950; fill=100.00%,100.0
DFS_Optimized,2.8916000010212883,50.2890625,100,True,4,100,4950,complete_graph,complete_graph; connected; dense; unweighted; undirected; V=100; E=4950; fill=100.00%,100.0
DFS_Optimized,2.391200003330596,50.2890625,100,True,5,100,4950,complete_graph,complete_graph; connected; dense; unweighted; undirected; V=100; E=4950; fill=100.00%,100.0
BFS_Optimized,0.8653000040794723,11.8203125,100,True,1,100,4950,complete_graph,complete_graph; connected; dense; unweighted; undirected; V=100; E=4950; fill=100.00%,100.0
BFS_Optimized,0.9246999979950488,11.8203125,100,True,2,100,4950,complete_graph,complete_graph; connected; dense; unweighted; undirected; V=100; E=4950; fill=100.00%,100.0
BFS_Optimized,0.8786999969743192,11.8203125,100,True,3,100,4950,complete_graph,complete_graph; connected; dense; unweighted; undirected; V=100; E=4950; fill=100.00%,100.0
BFS_Optimized,0.8779999989201315,11.8203125,100,True,4,100,4950,complete_graph,complete_graph; connected; dense; unweighted; undirected; V=100; E=4950; fill=100.00%,100.0
BFS_Optimized,0.8818999995128252,11.8203125,100,True,5,100,4950,complete_graph,complete_graph; connected; dense; unweighted; undirected; V=100; E=4950; fill=100.00%,100.0
DFS_Optimized,0.6110999966040254,11.921875,100,True,1,100,198,wheel_graph,wheel_graph; connected; sparse; unweighted; undirected; V=100; E=198; fill=4.00%,4.0
DFS_Optimized,0.5447000003186986,11.921875,100,True,2,100,198,wheel_graph,wheel_graph; connected; sparse; unweighted; undirected; V=100; E=198; fill=4.00%,4.0
DFS_Optimized,0.7654000000911765,11.921875,100,True,3,100,198,wheel_graph,wheel_graph; connected; sparse; unweighted; undirected; V=100; E=198; fill=4.00%,4.0
DFS_Optimized,0.5714999933843501,11.921875,100,True,4,100,198,wheel_graph,wheel_graph; connected; sparse; unweighted; undirected; V=100; E=198; fill=4.00%,4.0
DFS_Optimized,0.5266000007395633,11.921875,100,True,5,100,198,wheel_graph,wheel_graph; connected; sparse; unweighted; undirected; V=100; E=198; fill=4.00%,4.0
BFS_Optimized,0.5594000031123869,11.8203125,100,True,1,100,198,wheel_graph,wheel_graph; connected; sparse; unweighted; undirected; V=100; E=198; fill=4.00%,4.0
BFS_Optimized,0.1441000058548525,11.8203125,100,True,2,100,198,wheel_graph,wheel_graph; connected; sparse; unweighted; undirected; V=100; E=198; fill=4.00%,4.0
BFS_Optimized,5.190500000026077,11.8203125,100,True,3,100,198,wheel_graph,wheel_graph; connected; sparse; unweighted; undirected; V=100; E=198; fill=4.00%,4.0
BFS_Optimized,3.2817000028444454,11.8203125,100,True,4,100,198,wheel_graph,wheel_graph; connected; sparse; unweighted; undirected; V=100; E=198; fill=4.00%,4.0
BFS_Optimized,0.1497999983257614,11.8203125,100,True,5,100,198,wheel_graph,wheel_graph; connected; sparse; unweighted; undirected; V=100; E=198; fill=4.00%,4.0
DFS_Optimized,0.26729999808594584,11.671875,100,True,1,100,180,grid_planar,grid_planar; connected; sparse; unweighted; undirected; V=100; E=180; fill=3.64%,3.64
DFS_Optimized,0.26870000147027895,11.671875,100,True,2,100,180,grid_planar,grid_planar; connected; sparse; unweighted; undirected; V=100; E=180; fill=3.64%,3.64
DFS_Optimized,0.647700006084051,11.671875,100,True,3,100,180,grid_planar,grid_planar; connected; sparse; unweighted; undirected; V=100; E=180; fill=3.64%,3.64
DFS_Optimized,0.3049000006285496,11.671875,100,True,4,100,180,grid_planar,grid_planar; connected; sparse; unweighted; undirected; V=100; E=180; fill=3.64%,3.64
DFS_Optimized,0.2657000004546717,11.671875,100,True,5,100,180,grid_planar,grid_planar; connected; sparse; unweighted; undirected; V=100; E=180; fill=3.64%,3.64
BFS_Optimized,0.14709999959450215,12.3828125,100,True,1,100,180,grid_planar,grid_planar; connected; sparse; unweighted; undirected; V=100; E=180; fill=3.64%,3.64
BFS_Optimized,0.13829999807057902,12.3828125,100,True,2,100,180,grid_planar,grid_planar; connected; sparse; unweighted; undirected; V=100; E=180; fill=3.64%,3.64
BFS_Optimized,0.1357000001007691,12.3828125,100,True,3,100,180,grid_planar,grid_planar; connected; sparse; unweighted; undirected; V=100; E=180; fill=3.64%,3.64
BFS_Optimized,5.878199997823685,12.3828125,100,True,4,100,180,grid_planar,grid_planar; connected; sparse; unweighted; undirected; V=100; E=180; fill=3.64%,3.64
BFS_Optimized,2.0172000004095025,12.3828125,100,True,5,100,180,grid_planar,grid_planar; connected; sparse; unweighted; undirected; V=100; E=180; fill=3.64%,3.64
DFS_Optimized,0.8061000044108368,22.046875,100,True,1,100,1505,weighted_graph,weighted_graph; connected; medium; weighted; undirected; V=100; E=1505; fill=30.40%,30.4
DFS_Optimized,0.5825999978696927,22.046875,100,True,2,100,1505,weighted_graph,weighted_graph; connected; medium; weighted; undirected; V=100; E=1505; fill=30.40%,30.4
DFS_Optimized,1.1484999995445833,22.046875,100,True,3,100,1505,weighted_graph,weighted_graph; connected; medium; weighted; undirected; V=100; E=1505; fill=30.40%,30.4
DFS_Optimized,4.145799997786526,22.046875,100,True,4,100,1505,weighted_graph,weighted_graph; connected; medium; weighted; undirected; V=100; E=1505; fill=30.40%,30.4
DFS_Optimized,1.6083000009530224,22.046875,100,True,5,100,1505,weighted_graph,weighted_graph; connected; medium; weighted; undirected; V=100; E=1505; fill=30.40%,30.4
BFS_Optimized,0.7923000011942349,11.8203125,100,True,1,100,1505,weighted_graph,weighted_graph; connected; medium; weighted; undirected; V=100; E=1505; fill=30.40%,30.4
BFS_Optimized,0.6134999930509366,11.8203125,100,True,2,100,1505,weighted_graph,weighted_graph; connected; medium; weighted; undirected; V=100; E=1505; fill=30.40%,30.4
BFS_Optimized,0.389000000723172,11.8203125,100,True,3,100,1505,weighted_graph,weighted_graph; connected; medium; weighted; undirected; V=100; E=1505; fill=30.40%,30.4
BFS_Optimized,0.5173000026843511,11.8203125,100,True,4,100,1505,weighted_graph,weighted_graph; connected; medium; weighted; undirected; V=100; E=1505; fill=30.40%,30.4
BFS_Optimized,0.2865999995265156,11.8203125,100,True,5,100,1505,weighted_graph,weighted_graph; connected; medium; weighted; undirected; V=100; E=1505; fill=30.40%,30.4
DFS_Optimized,2.595300000393763,22.046875,100,True,1,100,1487,strip_weights,strip_weights; connected; medium; unweighted; undirected; V=100; E=1487; fill=30.04%,30.04
DFS_Optimized,1.9388000000617467,22.046875,100,True,2,100,1487,strip_weights,strip_weights; connected; medium; unweighted; undirected; V=100; E=1487; fill=30.04%,30.04
DFS_Optimized,0.6203000011737458,22.046875,100,True,3,100,1487,strip_weights,strip_weights; connected; medium; unweighted; undirected; V=100; E=1487; fill=30.04%,30.04
DFS_Optimized,1.038899994455278,22.046875,100,True,4,100,1487,strip_weights,strip_weights; connected; medium; unweighted; undirected; V=100; E=1487; fill=30.04%,30.04
DFS_Optimized,1.0036000021500513,22.046875,100,True,5,100,1487,strip_weights,strip_weights; connected; medium; unweighted; undirected; V=100; E=1487; fill=30.04%,30.04
BFS_Optimized,0.45789999421685934,11.8515625,100,True,1,100,1487,strip_weights,strip_weights; connected; medium; unweighted; undirected; V=100; E=1487; fill=30.04%,30.04
BFS_Optimized,0.4552000027615577,11.8515625,100,True,2,100,1487,strip_weights,strip_weights; connected; medium; unweighted; undirected; V=100; E=1487; fill=30.04%,30.04
BFS_Optimized,0.4309000069042668,11.8515625,100,True,3,100,1487,strip_weights,strip_weights; connected; medium; unweighted; undirected; V=100; E=1487; fill=30.04%,30.04
BFS_Optimized,0.446999998530373,11.8515625,100,True,4,100,1487,strip_weights,strip_weights; connected; medium; unweighted; undirected; V=100; E=1487; fill=30.04%,30.04
BFS_Optimized,1.4181000005919486,11.8515625,100,True,5,100,1487,strip_weights,strip_weights; connected; medium; unweighted; undirected; V=100; E=1487; fill=30.04%,30.04
DFS_Optimized,3.5850999993272126,11.203125,100,True,1,100,97,disconnected_graph,disconnected_graph; disconnected; sparse; unweighted; undirected; V=100; E=97; fill=1.96%,1.96
DFS_Optimized,0.49839999701362103,11.203125,100,True,2,100,97,disconnected_graph,disconnected_graph; disconnected; sparse; unweighted; undirected; V=100; E=97; fill=1.96%,1.96
DFS_Optimized,0.49980000039795414,11.203125,100,True,3,100,97,disconnected_graph,disconnected_graph; disconnected; sparse; unweighted; undirected; V=100; E=97; fill=1.96%,1.96
DFS_Optimized,0.4980000012437813,11.203125,100,True,4,100,97,disconnected_graph,disconnected_graph; disconnected; sparse; unweighted; undirected; V=100; E=97; fill=1.96%,1.96
DFS_Optimized,0.8493999994243495,11.203125,100,True,5,100,97,disconnected_graph,disconnected_graph; disconnected; sparse; unweighted; undirected; V=100; E=97; fill=1.96%,1.96
BFS_Optimized,0.29660000291187316,11.9296875,100,True,1,100,97,disconnected_graph,disconnected_graph; disconnected; sparse; unweighted; undirected; V=100; E=97; fill=1.96%,1.96
BFS_Optimized,0.26420000358484685,11.9296875,100,True,2,100,97,disconnected_graph,disconnected_graph; disconnected; sparse; unweighted; undirected; V=100; E=97; fill=1.96%,1.96
BFS_Optimized,0.2615999983390793,11.9296875,100,True,3,100,97,disconnected_graph,disconnected_graph; disconnected; sparse; unweighted; undirected; V=100; E=97; fill=1.96%,1.96
BFS_Optimized,0.25779999850783497,11.9296875,100,True,4,100,97,disconnected_graph,disconnected_graph; disconnected; sparse; unweighted; undirected; V=100; E=97; fill=1.96%,1.96
BFS_Optimized,0.4389000023365952,11.9296875,100,True,5,100,97,disconnected_graph,disconnected_graph; disconnected; sparse; unweighted; undirected; V=100; E=97; fill=1.96%,1.96
DFS_Optimized,1.0171000030823052,32.6953125,200,True,1,200,2973,simple_graph,simple_graph; connected; sparse; unweighted; undirected; V=200; E=2973; fill=14.94%,14.94
DFS_Optimized,0.9618000040063635,32.6953125,200,True,2,200,2973,simple_graph,simple_graph; connected; sparse; unweighted; undirected; V=200; E=2973; fill=14.94%,14.94
DFS_Optimized,0.9522000036668032,32.6953125,200,True,3,200,2973,simple_graph,simple_graph; connected; sparse; unweighted; undirected; V=200; E=2973; fill=14.94%,14.94
DFS_Optimized,0.9448999990127049,32.6953125,200,True,4,200,2973,simple_graph,simple_graph; connected; sparse; unweighted; undirected; V=200; E=2973; fill=14.94%,14.94
DFS_Optimized,0.9495999984210357,32.6953125,200,True,5,200,2973,simple_graph,simple_graph; connected; sparse; unweighted; undirected; V=200; E=2973; fill=14.94%,14.94
BFS_Optimized,0.5354999957489781,12.3828125,200,True,1,200,2973,simple_graph,simple_graph; connected; sparse; unweighted; undirected; V=200; E=2973; fill=14.94%,14.94
BFS_Optimized,0.7462000066880137,12.3828125,200,True,2,200,2973,simple_graph,simple_graph; connected; sparse; unweighted; undirected; V=200; E=2973; fill=14.94%,14.94
BFS_Optimized,0.8847999997669831,12.3828125,200,True,3,200,2973,simple_graph,simple_graph; connected; sparse; unweighted; undirected; V=200; E=2973; fill=14.94%,14.94
BFS_Optimized,0.5182999957469292,12.3828125,200,True,4,200,2973,simple_graph,simple_graph; connected; sparse; unweighted; undirected; V=200; E=2973; fill=14.94%,14.94
BFS_Optimized,0.7214999932330102,12.3828125,200,True,5,200,2973,simple_graph,simple_graph; connected; sparse; unweighted; undirected; V=200; E=2973; fill=14.94%,14.94
DFS_Optimized,6.403599996701814,128.6953125,200,True,1,200,13848,dense_graph,dense_graph; connected; medium; unweighted; undirected; V=200; E=13848; fill=69.59%,69.59
DFS_Optimized,3.8076999990153126,128.6953125,200,True,2,200,13848,dense_graph,dense_graph; connected; medium; unweighted; undirected; V=200; E=13848; fill=69.59%,69.59
DFS_Optimized,2.6485999987926334,128.6953125,200,True,3,200,13848,dense_graph,dense_graph; connected; medium; unweighted; undirected; V=200; E=13848; fill=69.59%,69.59
DFS_Optimized,2.850400000170339,128.6953125,200,True,4,200,13848,dense_graph,dense_graph; connected; medium; unweighted; undirected; V=200; E=13848; fill=69.59%,69.59
DFS_Optimized,2.668599998287391,128.6953125,200,True,5,200,13848,dense_graph,dense_graph; connected; medium; unweighted; undirected; V=200; E=13848; fill=69.59%,69.59
BFS_Optimized,1.6894000000320375,12.3828125,200,True,1,200,13848,dense_graph,dense_graph; connected; medium; unweighted; undirected; V=200; E=13848; fill=69.59%,69.59
BFS_Optimized,1.869399995484855,12.3828125,200,True,2,200,13848,dense_graph,dense_graph; connected; medium; unweighted; undirected; V=200; E=13848; fill=69.59%,69.59
BFS_Optimized,1.1000000013154931,12.3828125,200,True,3,200,13848,dense_graph,dense_graph; connected; medium; unweighted; undirected; V=200; E=13848; fill=69.59%,69.59
BFS_Optimized,1.089200006390456,12.3828125,200,True,4,200,13848,dense_graph,dense_graph; connected; medium; unweighted; undirected; V=200; E=13848; fill=69.59%,69.59
BFS_Optimized,1.3144999975338578,12.3828125,200,True,5,200,13848,dense_graph,dense_graph; connected; medium; unweighted; undirected; V=200; E=13848; fill=69.59%,69.59
DFS_Optimized,0.5318000039551407,11.296875,200,True,1,200,199,tree,tree; connected; sparse; unweighted; undirected; V=200; E=199; fill=1.00%,1.0
DFS_Optimized,0.45929999760119244,11.296875,200,True,2,200,199,tree,tree; connected; sparse; unweighted; undirected; V=200; E=199; fill=1.00%,1.0
DFS_Optimized,0.45990000216988847,11.296875,200,True,3,200,199,tree,tree; connected; sparse; unweighted; undirected; V=200; E=199; fill=1.00%,1.0
DFS_Optimized,0.4524999967543408,11.296875,200,True,4,200,199,tree,tree; connected; sparse; unweighted; undirected; V=200; E=199; fill=1.00%,1.0
DFS_Optimized,0.458399998024106,11.296875,200,True,5,200,199,tree,tree; connected; sparse; unweighted; undirected; V=200; E=199; fill=1.00%,1.0
BFS_Optimized,0.25119999918388203,12.0390625,200,True,1,200,199,tree,tree; connected; sparse; unweighted; undirected; V=200; E=199; fill=1.00%,1.0
BFS_Optimized,0.24330000451300293,12.0390625,200,True,2,200,199,tree,tree; connected; sparse; unweighted; undirected; V=200; E=199; fill=1.00%,1.0
BFS_Optimized,0.24739999935263768,12.0390625,200,True,3,200,199,tree,tree; connected; sparse; unweighted; undirected; V=200; E=199; fill=1.00%,1.0
BFS_Optimized,0.240100001974497,12.0390625,200,True,4,200,199,tree,tree; connected; sparse; unweighted; undirected; V=200; E=199; fill=1.00%,1.0
BFS_Optimized,0.23939999664435163,12.0390625,200,True,5,200,199,tree,tree; connected; sparse; unweighted; undirected; V=200; E=199; fill=1.00%,1.0
DFS_Optimized,0.4914999954053201,11.109375,200,True,1,200,200,cyclic_graph,cyclic_graph; connected; sparse; unweighted; undirected; V=200; E=200; fill=1.01%,1.01
DFS_Optimized,0.4926999972667545,11.109375,200,True,2,200,200,cyclic_graph,cyclic_graph; connected; sparse; unweighted; undirected; V=200; E=200; fill=1.01%,1.01
DFS_Optimized,0.4765999983646907,11.109375,200,True,3,200,200,cyclic_graph,cyclic_graph; connected; sparse; unweighted; undirected; V=200; E=200; fill=1.01%,1.01
DFS_Optimized,0.48519999836571515,11.109375,200,True,4,200,200,cyclic_graph,cyclic_graph; connected; sparse; unweighted; undirected; V=200; E=200; fill=1.01%,1.01
DFS_Optimized,0.48800000513438135,11.109375,200,True,5,200,200,cyclic_graph,cyclic_graph; connected; sparse; unweighted; undirected; V=200; E=200; fill=1.01%,1.01
BFS_Optimized,0.25599999935366213,12.3828125,200,True,1,200,200,cyclic_graph,cyclic_graph; connected; sparse; unweighted; undirected; V=200; E=200; fill=1.01%,1.01
BFS_Optimized,0.25439999444643036,12.3828125,200,True,2,200,200,cyclic_graph,cyclic_graph; connected; sparse; unweighted; undirected; V=200; E=200; fill=1.01%,1.01
BFS_Optimized,0.24769999436102808,12.3828125,200,True,3,200,200,cyclic_graph,cyclic_graph; connected; sparse; unweighted; undirected; V=200; E=200; fill=1.01%,1.01
BFS_Optimized,0.24509999639121816,12.3828125,200,True,4,200,200,cyclic_graph,cyclic_graph; connected; sparse; unweighted; undirected; V=200; E=200; fill=1.01%,1.01
BFS_Optimized,8.528300000762101,12.3828125,200,True,5,200,200,cyclic_graph,cyclic_graph; connected; sparse; unweighted; undirected; V=200; E=200; fill=1.01%,1.01
DFS_Optimized,0.9914000038406812,32.6953125,200,True,1,200,2997,bipartite_graph,bipartite_graph; connected; sparse; unweighted; undirected; V=200; E=2997; fill=15.06%,15.06
DFS_Optimized,1.4793999944231473,32.6953125,200,True,2,200,2997,bipartite_graph,bipartite_graph; connected; sparse; unweighted; undirected; V=200; E=2997; fill=15.06%,15.06
DFS_Optimized,1.8867999970098026,32.6953125,200,True,3,200,2997,bipartite_graph,bipartite_graph; connected; sparse; unweighted; undirected; V=200; E=2997; fill=15.06%,15.06
DFS_Optimized,1.7010000010486692,32.6953125,200,True,4,200,2997,bipartite_graph,bipartite_graph; connected; sparse; unweighted; undirected; V=200; E=2997; fill=15.06%,15.06
DFS_Optimized,2.0473999975365587,32.6953125,200,True,5,200,2997,bipartite_graph,bipartite_graph; connected; sparse; unweighted; undirected; V=200; E=2997; fill=15.06%,15.06
BFS_Optimized,0.548999996681232,12.3828125,200,True,1,200,2997,bipartite_graph,bipartite_graph; connected; sparse; unweighted; undirected; V=200; E=2997; fill=15.06%,15.06
BFS_Optimized,0.6465999977081083,12.3828125,200,True,2,200,2997,bipartite_graph,bipartite_graph; connected; sparse; unweighted; undirected; V=200; E=2997; fill=15.06%,15.06
BFS_Optimized,0.43849999929079786,12.3828125,200,True,3,200,2997,bipartite_graph,bipartite_graph; connected; sparse; unweighted; undirected; V=200; E=2997; fill=15.06%,15.06
BFS_Optimized,0.8776000031502917,12.3828125,200,True,4,200,2997,bipartite_graph,bipartite_graph; connected; sparse; unweighted; undirected; V=200; E=2997; fill=15.06%,15.06
BFS_Optimized,0.46380000276258215,12.3828125,200,True,5,200,2997,bipartite_graph,bipartite_graph; connected; sparse; unweighted; undirected; V=200; E=2997; fill=15.06%,15.06
DFS_Optimized,4.205699995509349,179.0703125,200,True,1,200,19900,complete_graph,complete_graph; connected; dense; unweighted; undirected; V=200; E=19900; fill=100.00%,100.0
DFS_Optimized,6.078999998862855,179.0703125,200,True,2,200,19900,complete_graph,complete_graph; connected; dense; unweighted; undirected; V=200; E=19900; fill=100.00%,100.0
DFS_Optimized,24.210799994762056,179.0703125,200,True,3,200,19900,complete_graph,complete_graph; connected; dense; unweighted; undirected; V=200; E=19900; fill=100.00%,100.0
DFS_Optimized,6.869500000902917,179.0703125,200,True,4,200,19900,complete_graph,complete_graph; connected; dense; unweighted; undirected; V=200; E=19900; fill=100.00%,100.0
DFS_Optimized,6.303599999228027,179.0703125,200,True,5,200,19900,complete_graph,complete_graph; connected; dense; unweighted; undirected; V=200; E=19900; fill=100.00%,100.0
BFS_Optimized,2.4415000007138588,12.3828125,200,True,1,200,19900,complete_graph,complete_graph; connected; dense; unweighted; undirected; V=200; E=19900; fill=100.00%,100.0
BFS_Optimized,2.89649999467656,12.3828125,200,True,2,200,19900,complete_graph,complete_graph; connected; dense; unweighted; undirected; V=200; E=19900; fill=100.00%,100.0
BFS_Optimized,2.9305999996722676,12.3828125,200,True,3,200,19900,complete_graph,complete_graph; connected; dense; unweighted; undirected; V=200; E=19900; fill=100.00%,100.0
BFS_Optimized,2.993000001879409,12.3828125,200,True,4,200,19900,complete_graph,complete_graph; connected; dense; unweighted; undirected; V=200; E=19900; fill=100.00%,100.0
BFS_Optimized,2.913500000431668,12.3828125,200,True,5,200,19900,complete_graph,complete_graph; connected; dense; unweighted; undirected; V=200; E=19900; fill=100.00%,100.0
DFS_Optimized,1.0331000012229197,12.640625,200,True,1,200,398,wheel_graph,wheel_graph; connected; sparse; unweighted; undirected; V=200; E=398; fill=2.00%,2.0
DFS_Optimized,0.5473999990499578,12.640625,200,True,2,200,398,wheel_graph,wheel_graph; connected; sparse; unweighted; undirected; V=200; E=398; fill=2.00%,2.0
DFS_Optimized,0.4830000034417026,12.640625,200,True,3,200,398,wheel_graph,wheel_graph; connected; sparse; unweighted; undirected; V=200; E=398; fill=2.00%,2.0
DFS_Optimized,0.48999999853549525,12.640625,200,True,4,200,398,wheel_graph,wheel_graph; connected; sparse; unweighted; undirected; V=200; E=398; fill=2.00%,2.0
DFS_Optimized,0.48160000005736947,12.640625,200,True,5,200,398,wheel_graph,wheel_graph; connected; sparse; unweighted; undirected; V=200; E=398; fill=2.00%,2.0
BFS_Optimized,0.3198000049451366,12.3828125,200,True,1,200,398,wheel_graph,wheel_graph; connected; sparse; unweighted; undirected; V=200; E=398; fill=2.00%,2.0
BFS_Optimized,0.26000000070780516,12.3828125,200,True,2,200,398,wheel_graph,wheel_graph; connected; sparse; unweighted; undirected; V=200; E=398; fill=2.00%,2.0
BFS_Optimized,0.24610000400571153,12.3828125,200,True,3,200,398,wheel_graph,wheel_graph; connected; sparse; unweighted; undirected; V=200; E=398; fill=2.00%,2.0
BFS_Optimized,0.40409999928670004,12.3828125,200,True,4,200,398,wheel_graph,wheel_graph; connected; sparse; unweighted; undirected; V=200; E=398; fill=2.00%,2.0
BFS_Optimized,0.298099999781698,12.3828125,200,True,5,200,398,wheel_graph,wheel_graph; connected; sparse; unweighted; undirected; V=200; E=398; fill=2.00%,2.0
DFS_Optimized,0.5152000012458302,11.7265625,200,True,1,200,371,grid_planar,grid_planar; connected; sparse; unweighted; undirected; V=200; E=371; fill=1.86%,1.86
DFS_Optimized,0.4943000021739863,11.7265625,200,True,2,200,371,grid_planar,grid_planar; connected; sparse; unweighted; undirected; V=200; E=371; fill=1.86%,1.86
DFS_Optimized,0.49709999439073727,11.7265625,200,True,3,200,371,grid_planar,grid_planar; connected; sparse; unweighted; undirected; V=200; E=371; fill=1.86%,1.86
DFS_Optimized,0.48689999675843865,11.7265625,200,True,4,200,371,grid_planar,grid_planar; connected; sparse; unweighted; undirected; V=200; E=371; fill=1.86%,1.86
DFS_Optimized,0.4927000045427121,11.7265625,200,True,5,200,371,grid_planar,grid_planar; connected; sparse; unweighted; undirected; V=200; E=371; fill=1.86%,1.86
BFS_Optimized,0.2677000011317432,12.3828125,200,True,1,200,371,grid_planar,grid_planar; connected; sparse; unweighted; undirected; V=200; E=371; fill=1.86%,1.86
BFS_Optimized,0.26670000079320744,12.3828125,200,True,2,200,371,grid_planar,grid_planar; connected; sparse; unweighted; undirected; V=200; E=371; fill=1.86%,1.86
BFS_Optimized,0.26359999901615083,12.3828125,200,True,3,200,371,grid_planar,grid_planar; connected; sparse; unweighted; undirected; V=200; E=371; fill=1.86%,1.86
BFS_Optimized,0.25129999994533136,12.3828125,200,True,4,200,371,grid_planar,grid_planar; connected; sparse; unweighted; undirected; V=200; E=371; fill=1.86%,1.86
BFS_Optimized,0.25260000256821513,12.3828125,200,True,5,200,371,grid_planar,grid_planar; connected; sparse; unweighted; undirected; V=200; E=371; fill=1.86%,1.86
DFS_Optimized,1.7405999969923869,61.9453125,200,True,1,200,6105,weighted_graph,weighted_graph; connected; medium; weighted; undirected; V=200; E=6105; fill=30.68%,30.68
DFS_Optimized,2.049200003966689,61.9453125,200,True,2,200,6105,weighted_graph,weighted_graph; connected; medium; weighted; undirected; V=200; E=6105; fill=30.68%,30.68
DFS_Optimized,1.6380000015487894,61.9453125,200,True,3,200,6105,weighted_graph,weighted_graph; connected; medium; weighted; undirected; V=200; E=6105; fill=30.68%,30.68
DFS_Optimized,1.7538000029162504,61.9453125,200,True,4,200,6105,weighted_graph,weighted_graph; connected; medium; weighted; undirected; V=200; E=6105; fill=30.68%,30.68
DFS_Optimized,1.5875000026426278,61.9453125,200,True,5,200,6105,weighted_graph,weighted_graph; connected; medium; weighted; undirected; V=200; E=6105; fill=30.68%,30.68
BFS_Optimized,0.7845000000088476,12.3828125,200,True,1,200,6105,weighted_graph,weighted_graph; connected; medium; weighted; undirected; V=200; E=6105; fill=30.68%,30.68
BFS_Optimized,0.6715000054100528,12.3828125,200,True,2,200,6105,weighted_graph,weighted_graph; connected; medium; weighted; undirected; V=200; E=6105; fill=30.68%,30.68
BFS_Optimized,2.9580999980680645,12.3828125,200,True,3,200,6105,weighted_graph,weighted_graph; connected; medium; weighted; undirected; V=200; E=6105; fill=30.68%,30.68
BFS_Optimized,0.6953000047360547,12.3828125,200,True,4,200,6105,weighted_graph,weighted_graph; connected; medium; weighted; undirected; V=200; E=6105; fill=30.68%,30.68
BFS_Optimized,0.8317999963765033,12.3828125,200,True,5,200,6105,weighted_graph,weighted_graph; connected; medium; weighted; undirected; V=200; E=6105; fill=30.68%,30.68
DFS_Optimized,1.4761000056751072,56.1640625,200,True,1,200,5905,strip_weights,strip_weights; connected; sparse; unweighted; undirected; V=200; E=5905; fill=29.67%,29.67
DFS_Optimized,1.5720999945187941,56.1640625,200,True,2,200,5905,strip_weights,strip_weights; connected; sparse; unweighted; undirected; V=200; E=5905; fill=29.67%,29.67
DFS_Optimized,1.7946999942068942,56.1640625,200,True,3,200,5905,strip_weights,strip_weights; connected; sparse; unweighted; undirected; V=200; E=5905; fill=29.67%,29.67
DFS_Optimized,1.778600002580788,56.1640625,200,True,4,200,5905,strip_weights,strip_weights; connected; sparse; unweighted; undirected; V=200; E=5905; fill=29.67%,29.67
DFS_Optimized,7.998699999006931,56.1640625,200,True,5,200,5905,strip_weights,strip_weights; connected; sparse; unweighted; undirected; V=200; E=5905; fill=29.67%,29.67
BFS_Optimized,0.6209999992279336,12.3828125,200,True,1,200,5905,strip_weights,strip_weights; connected; sparse; unweighted; undirected; V=200; E=5905; fill=29.67%,29.67
BFS_Optimized,0.6177000032039359,12.3828125,200,True,2,200,5905,strip_weights,strip_weights; connected; sparse; unweighted; undirected; V=200; E=5905; fill=29.67%,29.67
BFS_Optimized,0.5977999971946701,12.3828125,200,True,3,200,5905,strip_weights,strip_weights; connected; sparse; unweighted; undirected; V=200; E=5905; fill=29.67%,29.67
BFS_Optimized,0.5982000002404675,12.3828125,200,True,4,200,5905,strip_weights,strip_weights; connected; sparse; unweighted; undirected; V=200; E=5905; fill=29.67%,29.67
BFS_Optimized,1.2229999992996454,12.3828125,200,True,5,200,5905,strip_weights,strip_weights; connected; sparse; unweighted; undirected; V=200; E=5905; fill=29.67%,29.67
DFS_Optimized,0.5151000004843809,11.171875,200,True,1,200,197,disconnected_graph,disconnected_graph; disconnected; sparse; unweighted; undirected; V=200; E=197; fill=0.99%,0.99
DFS_Optimized,0.48830000014277175,11.171875,200,True,2,200,197,disconnected_graph,disconnected_graph; disconnected; sparse; unweighted; undirected; V=200; E=197; fill=0.99%,0.99
DFS_Optimized,0.47199999971780926,11.171875,200,True,3,200,197,disconnected_graph,disconnected_graph; disconnected; sparse; unweighted; undirected; V=200; E=197; fill=0.99%,0.99
DFS_Optimized,0.6925999987288378,11.171875,200,True,4,200,197,disconnected_graph,disconnected_graph; disconnected; sparse; unweighted; undirected; V=200; E=197; fill=0.99%,0.99
DFS_Optimized,0.48010000318754464,11.171875,200,True,5,200,197,disconnected_graph,disconnected_graph; disconnected; sparse; unweighted; undirected; V=200; E=197; fill=0.99%,0.99
BFS_Optimized,0.2815999978338368,11.9296875,200,True,1,200,197,disconnected_graph,disconnected_graph; disconnected; sparse; unweighted; undirected; V=200; E=197; fill=0.99%,0.99
BFS_Optimized,0.5902999982936308,11.9296875,200,True,2,200,197,disconnected_graph,disconnected_graph; disconnected; sparse; unweighted; undirected; V=200; E=197; fill=0.99%,0.99
BFS_Optimized,0.5040999967604876,11.9296875,200,True,3,200,197,disconnected_graph,disconnected_graph; disconnected; sparse; unweighted; undirected; V=200; E=197; fill=0.99%,0.99
BFS_Optimized,0.585900001169648,11.9296875,200,True,4,200,197,disconnected_graph,disconnected_graph; disconnected; sparse; unweighted; undirected; V=200; E=197; fill=0.99%,0.99
BFS_Optimized,0.4990999950678088,11.9296875,200,True,5,200,197,disconnected_graph,disconnected_graph; disconnected; sparse; unweighted; undirected; V=200; E=197; fill=0.99%,0.99
DFS_Optimized,5.1371000008657575,186.7578125,500,True,1,500,18850,simple_graph,simple_graph; connected; sparse; unweighted; undirected; V=500; E=18850; fill=15.11%,15.11
DFS_Optimized,8.087700000032783,186.7578125,500,True,2,500,18850,simple_graph,simple_graph; connected; sparse; unweighted; undirected; V=500; E=18850; fill=15.11%,15.11
DFS_Optimized,8.350500000233296,186.7578125,500,True,3,500,18850,simple_graph,simple_graph; connected; sparse; unweighted; undirected; V=500; E=18850; fill=15.11%,15.11
DFS_Optimized,42.99380000156816,186.7578125,500,True,4,500,18850,simple_graph,simple_graph; connected; sparse; unweighted; undirected; V=500; E=18850; fill=15.11%,15.11
DFS_Optimized,6.935899997188244,186.7578125,500,True,5,500,18850,simple_graph,simple_graph; connected; sparse; unweighted; undirected; V=500; E=18850; fill=15.11%,15.11
BFS_Optimized,4.188599996268749,43.3984375,500,True,1,500,18850,simple_graph,simple_graph; connected; sparse; unweighted; undirected; V=500; E=18850; fill=15.11%,15.11
BFS_Optimized,2.8957000031368807,43.3984375,500,True,2,500,18850,simple_graph,simple_graph; connected; sparse; unweighted; undirected; V=500; E=18850; fill=15.11%,15.11
BFS_Optimized,2.7773999972851016,43.3984375,500,True,3,500,18850,simple_graph,simple_graph; connected; sparse; unweighted; undirected; V=500; E=18850; fill=15.11%,15.11
BFS_Optimized,4.28480000118725,43.3984375,500,True,4,500,18850,simple_graph,simple_graph; connected; sparse; unweighted; undirected; V=500; E=18850; fill=15.11%,15.11
BFS_Optimized,4.95260000025155,43.3984375,500,True,5,500,18850,simple_graph,simple_graph; connected; sparse; unweighted; undirected; V=500; E=18850; fill=15.11%,15.11
DFS_Optimized,91.06410000094911,731.8828125,500,True,1,500,87494,dense_graph,dense_graph; connected; dense; unweighted; undirected; V=500; E=87494; fill=70.14%,70.14
DFS_Optimized,93.09290000237525,731.8828125,500,True,2,500,87494,dense_graph,dense_graph; connected; dense; unweighted; undirected; V=500; E=87494; fill=70.14%,70.14
DFS_Optimized,74.6729000020423,731.8828125,500,True,3,500,87494,dense_graph,dense_graph; connected; dense; unweighted; undirected; V=500; E=87494; fill=70.14%,70.14
DFS_Optimized,61.1988000018755,731.8828125,500,True,4,500,87494,dense_graph,dense_graph; connected; dense; unweighted; undirected; V=500; E=87494; fill=70.14%,70.14
DFS_Optimized,100.70369999448303,731.8828125,500,True,5,500,87494,dense_graph,dense_graph; connected; dense; unweighted; undirected; V=500; E=87494; fill=70.14%,70.14
BFS_Optimized,10.783700003230479,43.3671875,500,True,1,500,87494,dense_graph,dense_graph; connected; dense; unweighted; undirected; V=500; E=87494; fill=70.14%,70.14
BFS_Optimized,17.060999998648185,43.3671875,500,True,2,500,87494,dense_graph,dense_graph; connected; dense; unweighted; undirected; V=500; E=87494; fill=70.14%,70.14
BFS_Optimized,11.73469999775989,43.3671875,500,True,3,500,87494,dense_graph,dense_graph; connected; dense; unweighted; undirected; V=500; E=87494; fill=70.14%,70.14
BFS_Optimized,14.817800001765136,43.3671875,500,True,4,500,87494,dense_graph,dense_graph; connected; dense; unweighted; undirected; V=500; E=87494; fill=70.14%,70.14
BFS_Optimized,33.09540000191191,43.3671875,500,True,5,500,87494,dense_graph,dense_graph; connected; dense; unweighted; undirected; V=500; E=87494; fill=70.14%,70.14
DFS_Optimized,1.525300001958385,43.109375,500,True,1,500,499,tree,tree; connected; sparse; unweighted; undirected; V=500; E=499; fill=0.40%,0.4
DFS_Optimized,3.6232999991625547,43.109375,500,True,2,500,499,tree,tree; connected; sparse; unweighted; undirected; V=500; E=499; fill=0.40%,0.4
DFS_Optimized,1.8541999961598776,43.109375,500,True,3,500,499,tree,tree; connected; sparse; unweighted; undirected; V=500; E=499; fill=0.40%,0.4
DFS_Optimized,3.664800002297852,43.109375,500,True,4,500,499,tree,tree; connected; sparse; unweighted; undirected; V=500; E=499; fill=0.40%,0.4
DFS_Optimized,1.8144999994547106,43.109375,500,True,5,500,499,tree,tree; connected; sparse; unweighted; undirected; V=500; E=499; fill=0.40%,0.4
BFS_Optimized,4.868600000918377,44.1171875,500,True,1,500,499,tree,tree; connected; sparse; unweighted; undirected; V=500; E=499; fill=0.40%,0.4
BFS_Optimized,1.2128000016673468,44.1171875,500,True,2,500,499,tree,tree; connected; sparse; unweighted; undirected; V=500; E=499; fill=0.40%,0.4
BFS_Optimized,2.1151999972062185,44.1171875,500,True,3,500,499,tree,tree; connected; sparse; unweighted; undirected; V=500; E=499; fill=0.40%,0.4
BFS_Optimized,0.8152999944286421,44.1171875,500,True,4,500,499,tree,tree; connected; sparse; unweighted; undirected; V=500; E=499; fill=0.40%,0.4
BFS_Optimized,0.7260999991558492,44.1171875,500,True,5,500,499,tree,tree; connected; sparse; unweighted; undirected; V=500; E=499; fill=0.40%,0.4
DFS_Optimized,1.2978000013390556,42.921875,500,True,1,500,500,cyclic_graph,cyclic_graph; connected; sparse; unweighted; undirected; V=500; E=500; fill=0.40%,0.4
DFS_Optimized,1.7722999982652254,42.921875,500,True,2,500,500,cyclic_graph,cyclic_graph; connected; sparse; unweighted; undirected; V=500; E=500; fill=0.40%,0.4
DFS_Optimized,3.1058999957167543,42.921875,500,True,3,500,500,cyclic_graph,cyclic_graph; connected; sparse; unweighted; undirected; V=500; E=500; fill=0.40%,0.4
DFS_Optimized,3.734099998837337,42.921875,500,True,4,500,500,cyclic_graph,cyclic_graph; connected; sparse; unweighted; undirected; V=500; E=500; fill=0.40%,0.4
DFS_Optimized,42.216599998937454,42.921875,500,True,5,500,500,cyclic_graph,cyclic_graph; connected; sparse; unweighted; undirected; V=500; E=500; fill=0.40%,0.4
BFS_Optimized,6.875099999888334,44.1953125,500,True,1,500,500,cyclic_graph,cyclic_graph; connected; sparse; unweighted; undirected; V=500; E=500; fill=0.40%,0.4
BFS_Optimized,1.7987999963224865,44.1953125,500,True,2,500,500,cyclic_graph,cyclic_graph; connected; sparse; unweighted; undirected; V=500; E=500; fill=0.40%,0.4
BFS_Optimized,0.6575000006705523,44.1953125,500,True,3,500,500,cyclic_graph,cyclic_graph; connected; sparse; unweighted; undirected; V=500; E=500; fill=0.40%,0.4
BFS_Optimized,0.6566000010934658,44.1953125,500,True,4,500,500,cyclic_graph,cyclic_graph; connected; sparse; unweighted; undirected; V=500; E=500; fill=0.40%,0.4
BFS_Optimized,1.1768000040319748,44.1953125,500,True,5,500,500,cyclic_graph,cyclic_graph; connected; sparse; unweighted; undirected; V=500; E=500; fill=0.40%,0.4
DFS_Optimized,20.10600000357954,186.7578125,500,True,1,500,18571,bipartite_graph,bipartite_graph; connected; sparse; unweighted; undirected; V=500; E=18571; fill=14.89%,14.89
DFS_Optimized,23.465600002964493,186.7578125,500,True,2,500,18571,bipartite_graph,bipartite_graph; connected; sparse; unweighted; undirected; V=500; E=18571; fill=14.89%,14.89
DFS_Optimized,8.203600002161693,186.7578125,500,True,3,500,18571,bipartite_graph,bipartite_graph; connected; sparse; unweighted; undirected; V=500; E=18571; fill=14.89%,14.89
DFS_Optimized,8.205299993278459,186.7578125,500,True,4,500,18571,bipartite_graph,bipartite_graph; connected; sparse; unweighted; undirected; V=500; E=18571; fill=14.89%,14.89
DFS_Optimized,18.017100002907682,186.7578125,500,True,5,500,18571,bipartite_graph,bipartite_graph; connected; sparse; unweighted; undirected; V=500; E=18571; fill=14.89%,14.89
BFS_Optimized,3.9384000046993606,43.4609375,500,True,1,500,18571,bipartite_graph,bipartite_graph; connected; sparse; unweighted; undirected; V=500; E=18571; fill=14.89%,14.89
BFS_Optimized,5.571800000325311,43.4609375,500,True,2,500,18571,bipartite_graph,bipartite_graph; connected; sparse; unweighted; undirected; V=500; E=18571; fill=14.89%,14.89
BFS_Optimized,4.019200001494028,43.4609375,500,True,3,500,18571,bipartite_graph,bipartite_graph; connected; sparse; unweighted; undirected; V=500; E=18571; fill=14.89%,14.89
BFS_Optimized,4.440800003067125,43.4609375,500,True,4,500,18571,bipartite_graph,bipartite_graph; connected; sparse; unweighted; undirected; V=500; E=18571; fill=14.89%,14.89
BFS_Optimized,3.5866999969584867,43.4609375,500,True,5,500,18571,bipartite_graph,bipartite_graph; connected; sparse; unweighted; undirected; V=500; E=18571; fill=14.89%,14.89
DFS_Optimized,52.79259999952046,1026.6640625,500,True,1,500,124750,complete_graph,complete_graph; connected; dense; unweighted; undirected; V=500; E=124750; fill=100.00%,100.0
DFS_Optimized,56.92290000297362,1026.6640625,500,True,2,500,124750,complete_graph,complete_graph; connected; dense; unweighted; undirected; V=500; E=124750; fill=100.00%,100.0
DFS_Optimized,58.69330000132322,1026.6640625,500,True,3,500,124750,complete_graph,complete_graph; connected; dense; unweighted; undirected; V=500; E=124750; fill=100.00%,100.0
DFS_Optimized,54.20289999892702,1026.6640625,500,True,4,500,124750,complete_graph,complete_graph; connected; dense; unweighted; undirected; V=500; E=124750; fill=100.00%,100.0
DFS_Optimized,91.26499999547377,1026.6640625,500,True,5,500,124750,complete_graph,complete_graph; connected; dense; unweighted; undirected; V=500; E=124750; fill=100.00%,100.0
BFS_Optimized,60.62329999986105,43.3671875,500,True,1,500,124750,complete_graph,complete_graph; connected; dense; unweighted; undirected; V=500; E=124750; fill=100.00%,100.0
BFS_Optimized,35.33679999964079,43.3671875,500,True,2,500,124750,complete_graph,complete_graph; connected; dense; unweighted; undirected; V=500; E=124750; fill=100.00%,100.0
BFS_Optimized,19.842900001094677,43.3671875,500,True,3,500,124750,complete_graph,complete_graph; connected; dense; unweighted; undirected; V=500; E=124750; fill=100.00%,100.0
BFS_Optimized,21.401899997727014,43.3671875,500,True,4,500,124750,complete_graph,complete_graph; connected; dense; unweighted; undirected; V=500; E=124750; fill=100.00%,100.0
BFS_Optimized,27.07869999721879,43.3671875,500,True,5,500,124750,complete_graph,complete_graph; connected; dense; unweighted; undirected; V=500; E=124750; fill=100.00%,100.0
DFS_Optimized,2.6358999966760166,46.953125,500,True,1,500,998,wheel_graph,wheel_graph; connected; sparse; unweighted; undirected; V=500; E=998; fill=0.80%,0.8
DFS_Optimized,2.659599995240569,46.953125,500,True,2,500,998,wheel_graph,wheel_graph; connected; sparse; unweighted; undirected; V=500; E=998; fill=0.80%,0.8
DFS_Optimized,2.3065999994287267,46.953125,500,True,3,500,998,wheel_graph,wheel_graph; connected; sparse; unweighted; undirected; V=500; E=998; fill=0.80%,0.8
DFS_Optimized,2.664200001163408,46.953125,500,True,4,500,998,wheel_graph,wheel_graph; connected; sparse; unweighted; undirected; V=500; E=998; fill=0.80%,0.8
DFS_Optimized,3.4519000037107617,46.953125,500,True,5,500,998,wheel_graph,wheel_graph; connected; sparse; unweighted; undirected; V=500; E=998; fill=0.80%,0.8
BFS_Optimized,1.4947000017855316,43.3671875,500,True,1,500,998,wheel_graph,wheel_graph; connected; sparse; unweighted; undirected; V=500; E=998; fill=0.80%,0.8
BFS_Optimized,2.58649999886984,43.3671875,500,True,2,500,998,wheel_graph,wheel_graph; connected; sparse; unweighted; undirected; V=500; E=998; fill=0.80%,0.8
BFS_Optimized,45.28159999608761,43.3671875,500,True,3,500,998,wheel_graph,wheel_graph; connected; sparse; unweighted; undirected; V=500; E=998; fill=0.80%,0.8
BFS_Optimized,1.3735000029555522,43.3671875,500,True,4,500,998,wheel_graph,wheel_graph; connected; sparse; unweighted; undirected; V=500; E=998; fill=0.80%,0.8
BFS_Optimized,1.0371000025770627,43.3671875,500,True,5,500,998,wheel_graph,wheel_graph; connected; sparse; unweighted; undirected; V=500; E=998; fill=0.80%,0.8
DFS_Optimized,2.5385999979334883,45.296875,500,True,1,500,955,grid_planar,grid_planar; connected; sparse; unweighted; undirected; V=500; E=955; fill=0.77%,0.77
DFS_Optimized,2.5900999971781857,45.296875,500,True,2,500,955,grid_planar,grid_planar; connected; sparse; unweighted; undirected; V=500; E=955; fill=0.77%,0.77
DFS_Optimized,2.701800003706012,45.296875,500,True,3,500,955,grid_planar,grid_planar; connected; sparse; unweighted; undirected; V=500; E=955; fill=0.77%,0.77
DFS_Optimized,32.32910000224365,45.296875,500,True,4,500,955,grid_planar,grid_planar; connected; sparse; unweighted; undirected; V=500; E=955; fill=0.77%,0.77
DFS_Optimized,11.148099998536054,45.296875,500,True,5,500,955,grid_planar,grid_planar; connected; sparse; unweighted; undirected; V=500; E=955; fill=0.77%,0.77
BFS_Optimized,1.3835999998264015,44.1953125,500,True,1,500,955,grid_planar,grid_planar; connected; sparse; unweighted; undirected; V=500; E=955; fill=0.77%,0.77
BFS_Optimized,1.5008000045781955,44.1953125,500,True,2,500,955,grid_planar,grid_planar; connected; sparse; unweighted; undirected; V=500; E=955; fill=0.77%,0.77
BFS_Optimized,1.348500001768116,44.1953125,500,True,3,500,955,grid_planar,grid_planar; connected; sparse; unweighted; undirected; V=500; E=955; fill=0.77%,0.77
BFS_Optimized,1.3675000009243377,44.1953125,500,True,4,500,955,grid_planar,grid_planar; connected; sparse; unweighted; undirected; V=500; E=955; fill=0.77%,0.77
BFS_Optimized,1.5946000057738274,44.1953125,500,True,5,500,955,grid_planar,grid_planar; connected; sparse; unweighted; undirected; V=500; E=955; fill=0.77%,0.77
DFS_Optimized,37.61659999872791,341.3203125,500,True,1,500,37262,weighted_graph,weighted_graph; connected; sparse; weighted; undirected; V=500; E=37262; fill=29.87%,29.87
DFS_Optimized,28.40260000084527,341.3203125,500,True,2,500,37262,weighted_graph,weighted_graph; connected; sparse; weighted; undirected; V=500; E=37262; fill=29.87%,29.87
DFS_Optimized,11.945999998715706,341.3203125,500,True,3,500,37262,weighted_graph,weighted_graph; connected; sparse; weighted; undirected; V=500; E=37262; fill=29.87%,29.87
DFS_Optimized,16.439400002127513,341.3203125,500,True,4,500,37262,weighted_graph,weighted_graph; connected; sparse; weighted; undirected; V=500; E=37262; fill=29.87%,29.87
DFS_Optimized,28.752099999110214,341.3203125,500,True,5,500,37262,weighted_graph,weighted_graph; connected; sparse; weighted; undirected; V=500; E=37262; fill=29.87%,29.87
BFS_Optimized,3.5337999943294562,43.3671875,500,True,1,500,37262,weighted_graph,weighted_graph; connected; sparse; weighted; undirected; V=500; E=37262; fill=29.87%,29.87
BFS_Optimized,3.525899999658577,43.3671875,500,True,2,500,37262,weighted_graph,weighted_graph; connected; sparse; weighted; undirected; V=500; E=37262; fill=29.87%,29.87
BFS_Optimized,5.846000000019558,43.3671875,500,True,3,500,37262,weighted_graph,weighted_graph; connected; sparse; weighted; undirected; V=500; E=37262; fill=29.87%,29.87
BFS_Optimized,7.201499996881466,43.3671875,500,True,4,500,37262,weighted_graph,weighted_graph; connected; sparse; weighted; undirected; V=500; E=37262; fill=29.87%,29.87
BFS_Optimized,31.0782999949879,43.3671875,500,True,5,500,37262,weighted_graph,weighted_graph; connected; sparse; weighted; undirected; V=500; E=37262; fill=29.87%,29.87
DFS_Optimized,56.92049999925075,341.3828125,500,True,1,500,37517,strip_weights,strip_weights; connected; medium; unweighted; undirected; V=500; E=37517; fill=30.07%,30.07
DFS_Optimized,30.392600005143322,341.3203125,500,True,2,500,37517,strip_weights,strip_weights; connected; medium; unweighted; undirected; V=500; E=37517; fill=30.07%,30.07
DFS_Optimized,38.710300003003795,341.3203125,500,True,3,500,37517,strip_weights,strip_weights; connected; medium; unweighted; undirected; V=500; E=37517; fill=30.07%,30.07
DFS_Optimized,12.96849999926053,341.3203125,500,True,4,500,37517,strip_weights,strip_weights; connected; medium; unweighted; undirected; V=500; E=37517; fill=30.07%,30.07
DFS_Optimized,22.350200000801124,341.3203125,500,True,5,500,37517,strip_weights,strip_weights; connected; medium; unweighted; undirected; V=500; E=37517; fill=30.07%,30.07
BFS_Optimized,18.67879999917932,43.3671875,500,True,1,500,37517,strip_weights,strip_weights; connected; medium; unweighted; undirected; V=500; E=37517; fill=30.07%,30.07
BFS_Optimized,5.127899996296037,43.3671875,500,True,2,500,37517,strip_weights,strip_weights; connected; medium; unweighted; undirected; V=500; E=37517; fill=30.07%,30.07
BFS_Optimized,7.965800003148615,43.3671875,500,True,3,500,37517,strip_weights,strip_weights; connected; medium; unweighted; undirected; V=500; E=37517; fill=30.07%,30.07
BFS_Optimized,7.895599999756087,43.3671875,500,True,4,500,37517,strip_weights,strip_weights; connected; medium; unweighted; undirected; V=500; E=37517; fill=30.07%,30.07
BFS_Optimized,6.554800005687866,43.3671875,500,True,5,500,37517,strip_weights,strip_weights; connected; medium; unweighted; undirected; V=500; E=37517; fill=30.07%,30.07
DFS_Optimized,2.9341000044951215,43.046875,500,True,1,500,497,disconnected_graph,disconnected_graph; disconnected; sparse; unweighted; undirected; V=500; E=497; fill=0.40%,0.4
DFS_Optimized,1.4517000017804094,43.046875,500,True,2,500,497,disconnected_graph,disconnected_graph; disconnected; sparse; unweighted; undirected; V=500; E=497; fill=0.40%,0.4
DFS_Optimized,1.473600001190789,43.046875,500,True,3,500,497,disconnected_graph,disconnected_graph; disconnected; sparse; unweighted; undirected; V=500; E=497; fill=0.40%,0.4
DFS_Optimized,2.9301000031409785,43.046875,500,True,4,500,497,disconnected_graph,disconnected_graph; disconnected; sparse; unweighted; undirected; V=500; E=497; fill=0.40%,0.4
DFS_Optimized,2.4161000037565827,43.046875,500,True,5,500,497,disconnected_graph,disconnected_graph; disconnected; sparse; unweighted; undirected; V=500; E=497; fill=0.40%,0.4
BFS_Optimized,1.3334000032045878,44.2578125,500,True,1,500,497,disconnected_graph,disconnected_graph; disconnected; sparse; unweighted; undirected; V=500; E=497; fill=0.40%,0.4
BFS_Optimized,1.255000002856832,44.2578125,500,True,2,500,497,disconnected_graph,disconnected_graph; disconnected; sparse; unweighted; undirected; V=500; E=497; fill=0.40%,0.4
BFS_Optimized,1.225799998792354,44.2578125,500,True,3,500,497,disconnected_graph,disconnected_graph; disconnected; sparse; unweighted; undirected; V=500; E=497; fill=0.40%,0.4
BFS_Optimized,1.2137000012444332,44.2578125,500,True,4,500,497,disconnected_graph,disconnected_graph; disconnected; sparse; unweighted; undirected; V=500; E=497; fill=0.40%,0.4
BFS_Optimized,1.1693000051309355,44.2578125,500,True,5,500,497,disconnected_graph,disconnected_graph; disconnected; sparse; unweighted; undirected; V=500; E=497; fill=0.40%,0.4
DFS_Optimized,103.87609999452252,659.1328125,1000,True,1,1000,74463,simple_graph,simple_graph; connected; sparse; unweighted; undirected; V=1000; E=74463; fill=14.91%,14.91
DFS_Optimized,44.030600001860876,659.1328125,1000,True,2,1000,74463,simple_graph,simple_graph; connected; sparse; unweighted; undirected; V=1000; E=74463; fill=14.91%,14.91
DFS_Optimized,26.039299998956267,659.1328125,1000,True,3,1000,74463,simple_graph,simple_graph; connected; sparse; unweighted; undirected; V=1000; E=74463; fill=14.91%,14.91
DFS_Optimized,39.051699997799005,659.1328125,1000,True,4,1000,74463,simple_graph,simple_graph; connected; sparse; unweighted; undirected; V=1000; E=74463; fill=14.91%,14.91
DFS_Optimized,33.04059999936726,659.1328125,1000,True,5,1000,74463,simple_graph,simple_graph; connected; sparse; unweighted; undirected; V=1000; E=74463; fill=14.91%,14.91
BFS_Optimized,8.995299998787232,49.6015625,1000,True,1,1000,74463,simple_graph,simple_graph; connected; sparse; unweighted; undirected; V=1000; E=74463; fill=14.91%,14.91
BFS_Optimized,18.151700001908466,49.6015625,1000,True,2,1000,74463,simple_graph,simple_graph; connected; sparse; unweighted; undirected; V=1000; E=74463; fill=14.91%,14.91
BFS_Optimized,31.85210000083316,49.6015625,1000,True,3,1000,74463,simple_graph,simple_graph; connected; sparse; unweighted; undirected; V=1000; E=74463; fill=14.91%,14.91
BFS_Optimized,16.311200000927784,49.6015625,1000,True,4,1000,74463,simple_graph,simple_graph; connected; sparse; unweighted; undirected; V=1000; E=74463; fill=14.91%,14.91
BFS_Optimized,24.425700001302175,49.6015625,1000,True,5,1000,74463,simple_graph,simple_graph; connected; sparse; unweighted; undirected; V=1000; E=74463; fill=14.91%,14.91
DFS_Optimized,236.5434999956051,2899.3203125,1000,True,1,1000,349321,dense_graph,dense_graph; connected; medium; unweighted; undirected; V=1000; E=349321; fill=69.93%,69.93
DFS_Optimized,337.9801999981282,2899.3203125,1000,True,2,1000,349321,dense_graph,dense_graph; connected; medium; unweighted; undirected; V=1000; E=349321; fill=69.93%,69.93
DFS_Optimized,142.15600000170525,2899.3203125,1000,True,3,1000,349321,dense_graph,dense_graph; connected; medium; unweighted; undirected; V=1000; E=349321; fill=69.93%,69.93
DFS_Optimized,128.89060000452446,2899.3203125,1000,True,4,1000,349321,dense_graph,dense_graph; connected; medium; unweighted; undirected; V=1000; E=349321; fill=69.93%,69.93
DFS_Optimized,277.84329999849433,2899.3203125,1000,True,5,1000,349321,dense_graph,dense_graph; connected; medium; unweighted; undirected; V=1000; E=349321; fill=69.93%,69.93
BFS_Optimized,106.33840000082273,49.6015625,1000,True,1,1000,349321,dense_graph,dense_graph; connected; medium; unweighted; undirected; V=1000; E=349321; fill=69.93%,69.93
BFS_Optimized,122.59110000013607,49.6015625,1000,True,2,1000,349321,dense_graph,dense_graph; connected; medium; unweighted; undirected; V=1000; E=349321; fill=69.93%,69.93
BFS_Optimized,93.63779999694088,49.6015625,1000,True,3,1000,349321,dense_graph,dense_graph; connected; medium; unweighted; undirected; V=1000; E=349321; fill=69.93%,69.93
BFS_Optimized,118.63499999890337,49.6015625,1000,True,4,1000,349321,dense_graph,dense_graph; connected; medium; unweighted; undirected; V=1000; E=349321; fill=69.93%,69.93
BFS_Optimized,123.78899999748683,49.6015625,1000,True,5,1000,349321,dense_graph,dense_graph; connected; medium; unweighted; undirected; V=1000; E=349321; fill=69.93%,69.93
DFS_Optimized,9.999900001275819,43.046875,1000,True,1,1000,999,tree,tree; connected; sparse; unweighted; undirected; V=1000; E=999; fill=0.20%,0.2
DFS_Optimized,3.50810000236379,43.046875,1000,True,2,1000,999,tree,tree; connected; sparse; unweighted; undirected; V=1000; E=999; fill=0.20%,0.2
DFS_Optimized,4.1218999976990744,43.046875,1000,True,3,1000,999,tree,tree; connected; sparse; unweighted; undirected; V=1000; E=999; fill=0.20%,0.2
DFS_Optimized,3.056400004425086,43.046875,1000,True,4,1000,999,tree,tree; connected; sparse; unweighted; undirected; V=1000; E=999; fill=0.20%,0.2
DFS_Optimized,5.323500001395587,43.046875,1000,True,5,1000,999,tree,tree; connected; sparse; unweighted; undirected; V=1000; E=999; fill=0.20%,0.2
BFS_Optimized,2.6085999998031184,44.1640625,1000,True,1,1000,999,tree,tree; connected; sparse; unweighted; undirected; V=1000; E=999; fill=0.20%,0.2
BFS_Optimized,2.2001000033924356,44.1640625,1000,True,2,1000,999,tree,tree; connected; sparse; unweighted; undirected; V=1000; E=999; fill=0.20%,0.2
BFS_Optimized,1.564500002132263,44.1640625,1000,True,3,1000,999,tree,tree; connected; sparse; unweighted; undirected; V=1000; E=999; fill=0.20%,0.2
BFS_Optimized,2.735399997618515,44.1640625,1000,True,4,1000,999,tree,tree; connected; sparse; unweighted; undirected; V=1000; E=999; fill=0.20%,0.2
BFS_Optimized,1.9660000034491532,44.1640625,1000,True,5,1000,999,tree,tree; connected; sparse; unweighted; undirected; V=1000; E=999; fill=0.20%,0.2
DFS_Optimized,5.311400003847666,42.921875,1000,True,1,1000,1000,cyclic_graph,cyclic_graph; connected; sparse; unweighted; undirected; V=1000; E=1000; fill=0.20%,0.2
DFS_Optimized,4.503500000282656,42.921875,1000,True,2,1000,1000,cyclic_graph,cyclic_graph; connected; sparse; unweighted; undirected; V=1000; E=1000; fill=0.20%,0.2
DFS_Optimized,3.008100000442937,42.921875,1000,True,3,1000,1000,cyclic_graph,cyclic_graph; connected; sparse; unweighted; undirected; V=1000; E=1000; fill=0.20%,0.2
DFS_Optimized,2.59840000217082,42.921875,1000,True,4,1000,1000,cyclic_graph,cyclic_graph; connected; sparse; unweighted; undirected; V=1000; E=1000; fill=0.20%,0.2
DFS_Optimized,11.421800001699012,42.921875,1000,True,5,1000,1000,cyclic_graph,cyclic_graph; connected; sparse; unweighted; undirected; V=1000; E=1000; fill=0.20%,0.2
BFS_Optimized,1.3851999974576756,44.1953125,1000,True,1,1000,1000,cyclic_graph,cyclic_graph; connected; sparse; unweighted; undirected; V=1000; E=1000; fill=0.20%,0.2
BFS_Optimized,1.1702000047080219,44.1953125,1000,True,2,1000,1000,cyclic_graph,cyclic_graph; connected; sparse; unweighted; undirected; V=1000; E=1000; fill=0.20%,0.2
BFS_Optimized,2.8393999964464456,44.1953125,1000,True,3,1000,1000,cyclic_graph,cyclic_graph; connected; sparse; unweighted; undirected; V=1000; E=1000; fill=0.20%,0.2
BFS_Optimized,2.7666000023600645,44.1953125,1000,True,4,1000,1000,cyclic_graph,cyclic_graph; connected; sparse; unweighted; undirected; V=1000; E=1000; fill=0.20%,0.2
BFS_Optimized,2.5894999998854473,44.1953125,1000,True,5,1000,1000,cyclic_graph,cyclic_graph; connected; sparse; unweighted; undirected; V=1000; E=1000; fill=0.20%,0.2
DFS_Optimized,42.259800000465475,659.1328125,1000,True,1,1000,75187,bipartite_graph,bipartite_graph; connected; sparse; unweighted; undirected; V=1000; E=75187; fill=15.05%,15.05
DFS_Optimized,34.31819999968866,659.1328125,1000,True,2,1000,75187,bipartite_graph,bipartite_graph; connected; sparse; unweighted; undirected; V=1000; E=75187; fill=15.05%,15.05
DFS_Optimized,41.32559999561636,659.1328125,1000,True,3,1000,75187,bipartite_graph,bipartite_graph; connected; sparse; unweighted; undirected; V=1000; E=75187; fill=15.05%,15.05
DFS_Optimized,32.54860000015469,659.1328125,1000,True,4,1000,75187,bipartite_graph,bipartite_graph; connected; sparse; unweighted; undirected; V=1000; E=75187; fill=15.05%,15.05
DFS_Optimized,42.7239999989979,659.1328125,1000,True,5,1000,75187,bipartite_graph,bipartite_graph; connected; sparse; unweighted; undirected; V=1000; E=75187; fill=15.05%,15.05
BFS_Optimized,13.607900000351947,48.5703125,1000,True,1,1000,75187,bipartite_graph,bipartite_graph; connected; sparse; unweighted; undirected; V=1000; E=75187; fill=15.05%,15.05
BFS_Optimized,13.489700002537575,48.5703125,1000,True,2,1000,75187,bipartite_graph,bipartite_graph; connected; sparse; unweighted; undirected; V=1000; E=75187; fill=15.05%,15.05
BFS_Optimized,11.967100006586406,48.5703125,1000,True,3,1000,75187,bipartite_graph,bipartite_graph; connected; sparse; unweighted; undirected; V=1000; E=75187; fill=15.05%,15.05
BFS_Optimized,15.83290000417037,48.5703125,1000,True,4,1000,75187,bipartite_graph,bipartite_graph; connected; sparse; unweighted; undirected; V=1000; E=75187; fill=15.05%,15.05
BFS_Optimized,8.140899997670203,48.5703125,1000,True,5,1000,75187,bipartite_graph,bipartite_graph; connected; sparse; unweighted; undirected; V=1000; E=75187; fill=15.05%,15.05
DFS_Optimized,290.8999999999651,4110.8203125,1000,True,1,1000,499500,complete_graph,complete_graph; connected; dense; unweighted; undirected; V=1000; E=499500; fill=100.00%,100.0
DFS_Optimized,181.55909999768483,4110.8203125,1000,True,2,1000,499500,complete_graph,complete_graph; connected; dense; unweighted; undirected; V=1000; E=499500; fill=100.00%,100.0
DFS_Optimized,224.58300000289455,4110.8203125,1000,True,3,1000,499500,complete_graph,complete_graph; connected; dense; unweighted; undirected; V=1000; E=499500; fill=100.00%,100.0
DFS_Optimized,270.56330000050366,4110.8203125,1000,True,4,1000,499500,complete_graph,complete_graph; connected; dense; unweighted; undirected; V=1000; E=499500; fill=100.00%,100.0
DFS_Optimized,208.9362999977311,4110.8203125,1000,True,5,1000,499500,complete_graph,complete_graph; connected; dense; unweighted; undirected; V=1000; E=499500; fill=100.00%,100.0
BFS_Optimized,165.95650000090245,49.6015625,1000,True,1,1000,499500,complete_graph,complete_graph; connected; dense; unweighted; undirected; V=1000; E=499500; fill=100.00%,100.0
BFS_Optimized,96.78970000095433,49.6015625,1000,True,2,1000,499500,complete_graph,complete_graph; connected; dense; unweighted; undirected; V=1000; E=499500; fill=100.00%,100.0
BFS_Optimized,105.39980000612559,49.6015625,1000,True,3,1000,499500,complete_graph,complete_graph; connected; dense; unweighted; undirected; V=1000; E=499500; fill=100.00%,100.0
BFS_Optimized,92.12750000006054,49.6015625,1000,True,4,1000,499500,complete_graph,complete_graph; connected; dense; unweighted; undirected; V=1000; E=499500; fill=100.00%,100.0
BFS_Optimized,86.4517000009073,49.6015625,1000,True,5,1000,499500,complete_graph,complete_graph; connected; dense; unweighted; undirected; V=1000; E=499500; fill=100.00%,100.0
DFS_Optimized,2.98579999798676,51.484375,1000,True,1,1000,1998,wheel_graph,wheel_graph; connected; sparse; unweighted; undirected; V=1000; E=1998; fill=0.40%,0.4
DFS_Optimized,5.099800000607502,51.484375,1000,True,2,1000,1998,wheel_graph,wheel_graph; connected; sparse; unweighted; undirected; V=1000; E=1998; fill=0.40%,0.4
DFS_Optimized,4.988300002878532,51.484375,1000,True,3,1000,1998,wheel_graph,wheel_graph; connected; sparse; unweighted; undirected; V=1000; E=1998; fill=0.40%,0.4
DFS_Optimized,6.894899997860193,51.484375,1000,True,4,1000,1998,wheel_graph,wheel_graph; connected; sparse; unweighted; undirected; V=1000; E=1998; fill=0.40%,0.4
DFS_Optimized,2.449200001137797,51.484375,1000,True,5,1000,1998,wheel_graph,wheel_graph; connected; sparse; unweighted; undirected; V=1000; E=1998; fill=0.40%,0.4
BFS_Optimized,1.280700002098456,49.6015625,1000,True,1,1000,1998,wheel_graph,wheel_graph; connected; sparse; unweighted; undirected; V=1000; E=1998; fill=0.40%,0.4
BFS_Optimized,1.2172000060672872,49.6015625,1000,True,2,1000,1998,wheel_graph,wheel_graph; connected; sparse; unweighted; undirected; V=1000; E=1998; fill=0.40%,0.4
BFS_Optimized,1.2530000021797605,49.6015625,1000,True,3,1000,1998,wheel_graph,wheel_graph; connected; sparse; unweighted; undirected; V=1000; E=1998; fill=0.40%,0.4
BFS_Optimized,1.2717999998130836,49.6015625,1000,True,4,1000,1998,wheel_graph,wheel_graph; connected; sparse; unweighted; undirected; V=1000; E=1998; fill=0.40%,0.4
BFS_Optimized,1.2251000007381663,49.6015625,1000,True,5,1000,1998,wheel_graph,wheel_graph; connected; sparse; unweighted; undirected; V=1000; E=1998; fill=0.40%,0.4
DFS_Optimized,2.9188999978941865,48.7890625,1000,True,1,1000,1936,grid_planar,grid_planar; connected; sparse; unweighted; undirected; V=1000; E=1936; fill=0.39%,0.39
DFS_Optimized,5.013400004827417,48.7890625,1000,True,2,1000,1936,grid_planar,grid_planar; connected; sparse; unweighted; undirected; V=1000; E=1936; fill=0.39%,0.39
DFS_Optimized,4.847500000323635,48.7890625,1000,True,3,1000,1936,grid_planar,grid_planar; connected; sparse; unweighted; undirected; V=1000; E=1936; fill=0.39%,0.39
DFS_Optimized,7.630799998878501,48.7890625,1000,True,4,1000,1936,grid_planar,grid_planar; connected; sparse; unweighted; undirected; V=1000; E=1936; fill=0.39%,0.39
DFS_Optimized,4.7741000016685575,48.7890625,1000,True,5,1000,1936,grid_planar,grid_planar; connected; sparse; unweighted; undirected; V=1000; E=1936; fill=0.39%,0.39
BFS_Optimized,1.3697999966097996,44.1953125,1000,True,1,1000,1936,grid_planar,grid_planar; connected; sparse; unweighted; undirected; V=1000; E=1936; fill=0.39%,0.39
BFS_Optimized,1.338699999905657,44.1953125,1000,True,2,1000,1936,grid_planar,grid_planar; connected; sparse; unweighted; undirected; V=1000; E=1936; fill=0.39%,0.39
BFS_Optimized,1.8172999989474192,44.1953125,1000,True,3,1000,1936,grid_planar,grid_planar; connected; sparse; unweighted; undirected; V=1000; E=1936; fill=0.39%,0.39
BFS_Optimized,3.3504000020911917,44.1953125,1000,True,4,1000,1936,grid_planar,grid_planar; connected; sparse; unweighted; undirected; V=1000; E=1936; fill=0.39%,0.39
BFS_Optimized,1.679699998931028,44.1953125,1000,True,5,1000,1936,grid_planar,grid_planar; connected; sparse; unweighted; undirected; V=1000; E=1936; fill=0.39%,0.39
DFS_Optimized,78.1381999986479,1294.2265625,1000,True,1,1000,149207,weighted_graph,weighted_graph; connected; sparse; weighted; undirected; V=1000; E=149207; fill=29.87%,29.87
DFS_Optimized,53.92050000227755,1294.2265625,1000,True,2,1000,149207,weighted_graph,weighted_graph; connected; sparse; weighted; undirected; V=1000; E=149207; fill=29.87%,29.87
DFS_Optimized,76.71639999898616,1294.2265625,1000,True,3,1000,149207,weighted_graph,weighted_graph; connected; sparse; weighted; undirected; V=1000; E=149207; fill=29.87%,29.87
DFS_Optimized,52.799099998082966,1294.2265625,1000,True,4,1000,149207,weighted_graph,weighted_graph; connected; sparse; weighted; undirected; V=1000; E=149207; fill=29.87%,29.87
DFS_Optimized,66.76680000236956,1294.2265625,1000,True,5,1000,149207,weighted_graph,weighted_graph; connected; sparse; weighted; undirected; V=1000; E=149207; fill=29.87%,29.87
BFS_Optimized,16.20320000074571,49.6015625,1000,True,1,1000,149207,weighted_graph,weighted_graph; connected; sparse; weighted; undirected; V=1000; E=149207; fill=29.87%,29.87
BFS_Optimized,37.77100000297651,49.6015625,1000,True,2,1000,149207,weighted_graph,weighted_graph; connected; sparse; weighted; undirected; V=1000; E=149207; fill=29.87%,29.87
BFS_Optimized,32.39539999776753,49.6015625,1000,True,3,1000,149207,weighted_graph,weighted_graph; connected; sparse; weighted; undirected; V=1000; E=149207; fill=29.87%,29.87
BFS_Optimized,17.24629999807803,49.6015625,1000,True,4,1000,149207,weighted_graph,weighted_graph; connected; sparse; weighted; undirected; V=1000; E=149207; fill=29.87%,29.87
BFS_Optimized,16.081699999631383,49.6015625,1000,True,5,1000,149207,weighted_graph,weighted_graph; connected; sparse; weighted; undirected; V=1000; E=149207; fill=29.87%,29.87
DFS_Optimized,87.44579999620328,1294.2265625,1000,True,1,1000,149928,strip_weights,strip_weights; connected; medium; unweighted; undirected; V=1000; E=149928; fill=30.02%,30.02
DFS_Optimized,109.44770000060089,1294.2265625,1000,True,2,1000,149928,strip_weights,strip_weights; connected; medium; unweighted; undirected; V=1000; E=149928; fill=30.02%,30.02
DFS_Optimized,80.30210000288207,1294.2265625,1000,True,3,1000,149928,strip_weights,strip_weights; connected; medium; unweighted; undirected; V=1000; E=149928; fill=30.02%,30.02
DFS_Optimized,56.08760000177426,1294.2265625,1000,True,4,1000,149928,strip_weights,strip_weights; connected; medium; unweighted; undirected; V=1000; E=149928; fill=30.02%,30.02
DFS_Optimized,51.044799998635426,1294.2265625,1000,True,5,1000,149928,strip_weights,strip_weights; connected; medium; unweighted; undirected; V=1000; E=149928; fill=30.02%,30.02
BFS_Optimized,24.37620000273455,49.6015625,1000,True,1,1000,149928,strip_weights,strip_weights; connected; medium; unweighted; undirected; V=1000; E=149928; fill=30.02%,30.02
BFS_Optimized,24.924100005591754,49.6015625,1000,True,2,1000,149928,strip_weights,strip_weights; connected; medium; unweighted; undirected; V=1000; E=149928; fill=30.02%,30.02
BFS_Optimized,28.7532000002102,49.6015625,1000,True,3,1000,149928,strip_weights,strip_weights; connected; medium; unweighted; undirected; V=1000; E=149928; fill=30.02%,30.02
BFS_Optimized,22.480100000393577,49.6015625,1000,True,4,1000,149928,strip_weights,strip_weights; connected; medium; unweighted; undirected; V=1000; E=149928; fill=30.02%,30.02
BFS_Optimized,15.461700000741985,49.6015625,1000,True,5,1000,149928,strip_weights,strip_weights; connected; medium; unweighted; undirected; V=1000; E=149928; fill=30.02%,30.02
DFS_Optimized,2.3061000028974377,42.984375,1000,True,1,1000,997,disconnected_graph,disconnected_graph; disconnected; sparse; unweighted; undirected; V=1000; E=997; fill=0.20%,0.2
DFS_Optimized,2.2753000012016855,42.984375,1000,True,2,1000,997,disconnected_graph,disconnected_graph; disconnected; sparse; unweighted; undirected; V=1000; E=997; fill=0.20%,0.2
DFS_Optimized,2.966699998069089,42.984375,1000,True,3,1000,997,disconnected_graph,disconnected_graph; disconnected; sparse; unweighted; undirected; V=1000; E=997; fill=0.20%,0.2
DFS_Optimized,4.820900001504924,42.984375,1000,True,4,1000,997,disconnected_graph,disconnected_graph; disconnected; sparse; unweighted; undirected; V=1000; E=997; fill=0.20%,0.2
DFS_Optimized,3.620099996624049,42.984375,1000,True,5,1000,997,disconnected_graph,disconnected_graph; disconnected; sparse; unweighted; undirected; V=1000; E=997; fill=0.20%,0.2
BFS_Optimized,1.2136000004829839,44.1953125,1000,True,1,1000,997,disconnected_graph,disconnected_graph; disconnected; sparse; unweighted; undirected; V=1000; E=997; fill=0.20%,0.2
BFS_Optimized,1.1945999940508045,44.1953125,1000,True,2,1000,997,disconnected_graph,disconnected_graph; disconnected; sparse; unweighted; undirected; V=1000; E=997; fill=0.20%,0.2
BFS_Optimized,1.1555000019143336,44.1953125,1000,True,3,1000,997,disconnected_graph,disconnected_graph; disconnected; sparse; unweighted; undirected; V=1000; E=997; fill=0.20%,0.2
BFS_Optimized,1.1658000003080815,44.1953125,1000,True,4,1000,997,disconnected_graph,disconnected_graph; disconnected; sparse; unweighted; undirected; V=1000; E=997; fill=0.20%,0.2
BFS_Optimized,1.5503000031458214,44.1953125,1000,True,5,1000,997,disconnected_graph,disconnected_graph; disconnected; sparse; unweighted; undirected; V=1000; E=997; fill=0.20%,0.2
